{
    "hero": {
        "base_speed": 10,
        "base_power": 20,
        "base_range": 15,
        "level_speed_coeff": 50,
        "level_power_coeff": 50,
        "level_range_coeff": 50
    },
    "start_x": 2,
    "start_y": 45,
    "width": 200,
    "height": 100,
    "num_turns": 55,
    "monsters": [
        {
            "x": 130,
            "y": 80,
            "hp": 52,
            "gold": 34,
            "exp": 144
        },
        {
            "x": 40,
            "y": 60,
            "hp": 101,
            "gold": 85,
            "exp": 312
        },
        {
            "x": 40,
            "y": 30,
            "hp": 80,
            "gold": 90,
            "exp": 274
        },
        {
            "x": 90,
            "y": 20,
            "hp": 83,
            "gold": 45,
            "exp": 725
        },
        {
            "x": 100,
            "y": 70,
            "hp": 24,
            "gold": 116,
            "exp": 231
        },
        {
            "x": 60,
            "y": 20,
            "hp": 97,
            "gold": 21,
            "exp": 282
        },
        {
            "x": 180,
            "y": 90,
            "hp": 72,
            "gold": 69,
            "exp": 262
        },
        {
            "x": 90,
            "y": 80,
            "hp": 54,
            "gold": 96,
            "exp": 259
        },
        {
            "x": 25,
            "y": 60,
            "hp": 116,
            "gold": 46,
            "exp": 405
        },
        {
            "x": 60,
            "y": 60,
            "hp": 82,
            "gold": 32,
            "exp": 85
        },
        {
            "x": 45,
            "y": 20,
            "hp": 59,
            "gold": 74,
            "exp": 271
        },
        {
            "x": 30,
            "y": 60,
            "hp": 90,
            "gold": 61,
            "exp": 411
        },
        {
            "x": 150,
            "y": 50,
            "hp": 53,
            "gold": 83,
            "exp": 444
        },
        {
            "x": 80,
            "y": 40,
            "hp": 61,
            "gold": 56,
            "exp": 267
        },
        {
            "x": 190,
            "y": 80,
            "hp": 76,
            "gold": 76,
            "exp": 280
        },
        {
            "x": 25,
            "y": 30,
            "hp": 27,
            "gold": 297,
            "exp": 297
        },
        {
            "x": 130,
            "y": 10,
            "hp": 213,
            "gold": 334,
            "exp": 212
        },
        {
            "x": 130,
            "y": 90,
            "hp": 55,
            "gold": 181,
            "exp": 346
        },
        {
            "x": 100,
            "y": 20,
            "hp": 67,
            "gold": 182,
            "exp": 273
        },
        {
            "x": 60,
            "y": 80,
            "hp": 67,
            "gold": 229,
            "exp": 276
        },
        {
            "x": 70,
            "y": 60,
            "hp": 65,
            "gold": 197,
            "exp": 375
        },
        {
            "x": 170,
            "y": 60,
            "hp": 157,
            "gold": 493,
            "exp": 472
        }
    ]
}