{
    "hero": {
        "base_speed": 25,
        "base_power": 50,
        "base_range": 15,
        "level_speed_coeff": 15,
        "level_power_coeff": 15,
        "level_range_coeff": 5
    },
    "start_x": 1,
    "start_y": 81,
    "width": 2000,
    "height": 200,
    "num_turns": 420,
    "monsters": [
        {
            "x": 285,
            "y": 106,
            "hp": 290,
            "gold": 7393,
            "exp": 185
        },
        {
            "x": 1008,
            "y": 123,
            "hp": 536,
            "gold": 41868,
            "exp": 330
        },
        {
            "x": 581,
            "y": 3,
            "hp": 478,
            "gold": 18650,
            "exp": 275
        },
        {
            "x": 1664,
            "y": 157,
            "hp": 784,
            "gold": 69690,
            "exp": 406
        },
        {
            "x": 439,
            "y": 170,
            "hp": 301,
            "gold": 15988,
            "exp": 235
        },
        {
            "x": 1419,
            "y": 154,
            "hp": 606,
            "gold": 71427,
            "exp": 403
        },
        {
            "x": 404,
            "y": 164,
            "hp": 280,
            "gold": 12157,
            "exp": 183
        },
        {
            "x": 1744,
            "y": 151,
            "hp": 826,
            "gold": 86316,
            "exp": 440
        },
        {
            "x": 1839,
            "y": 73,
            "hp": 892,
            "gold": 94406,
            "exp": 434
        },
        {
            "x": 758,
            "y": 177,
            "hp": 542,
            "gold": 26441,
            "exp": 220
        },
        {
            "x": 323,
            "y": 105,
            "hp": 298,
            "gold": 11260,
            "exp": 182
        },
        {
            "x": 1189,
            "y": 175,
            "hp": 658,
            "gold": 53573,
            "exp": 355
        },
        {
            "x": 460,
            "y": 54,
            "hp": 374,
            "gold": 13720,
            "exp": 188
        },
        {
            "x": 1789,
            "y": 40,
            "hp": 768,
            "gold": 77699,
            "exp": 427
        },
        {
            "x": 701,
            "y": 193,
            "hp": 513,
            "gold": 25209,
            "exp": 281
        },
        {
            "x": 971,
            "y": 189,
            "hp": 508,
            "gold": 31725,
            "exp": 271
        },
        {
            "x": 67,
            "y": 197,
            "hp": 97,
            "gold": 1563,
            "exp": 79
        },
        {
            "x": 841,
            "y": 149,
            "hp": 534,
            "gold": 34309,
            "exp": 249
        },
        {
            "x": 1478,
            "y": 98,
            "hp": 766,
            "gold": 60073,
            "exp": 453
        },
        {
            "x": 1054,
            "y": 16,
            "hp": 568,
            "gold": 36195,
            "exp": 266
        },
        {
            "x": 1318,
            "y": 156,
            "hp": 570,
            "gold": 59909,
            "exp": 340
        },
        {
            "x": 275,
            "y": 102,
            "hp": 214,
            "gold": 9137,
            "exp": 144
        },
        {
            "x": 1866,
            "y": 27,
            "hp": 758,
            "gold": 67484,
            "exp": 396
        },
        {
            "x": 743,
            "y": 79,
            "hp": 428,
            "gold": 26581,
            "exp": 224
        },
        {
            "x": 1881,
            "y": 159,
            "hp": 887,
            "gold": 98719,
            "exp": 387
        },
        {
            "x": 393,
            "y": 148,
            "hp": 296,
            "gold": 11623,
            "exp": 216
        },
        {
            "x": 991,
            "y": 89,
            "hp": 626,
            "gold": 40187,
            "exp": 358
        },
        {
            "x": 255,
            "y": 150,
            "hp": 240,
            "gold": 7210,
            "exp": 143
        },
        {
            "x": 983,
            "y": 199,
            "hp": 638,
            "gold": 38287,
            "exp": 319
        },
        {
            "x": 175,
            "y": 184,
            "hp": 202,
            "gold": 4766,
            "exp": 155
        },
        {
            "x": 1832,
            "y": 98,
            "hp": 881,
            "gold": 82331,
            "exp": 430
        },
        {
            "x": 1104,
            "y": 133,
            "hp": 525,
            "gold": 50569,
            "exp": 378
        },
        {
            "x": 528,
            "y": 32,
            "hp": 382,
            "gold": 15827,
            "exp": 270
        },
        {
            "x": 1138,
            "y": 55,
            "hp": 695,
            "gold": 54811,
            "exp": 365
        },
        {
            "x": 1020,
            "y": 190,
            "hp": 480,
            "gold": 44633,
            "exp": 363
        },
        {
            "x": 570,
            "y": 136,
            "hp": 419,
            "gold": 23103,
            "exp": 249
        },
        {
            "x": 5,
            "y": 69,
            "hp": 20,
            "gold": 189,
            "exp": 18
        },
        {
            "x": 1753,
            "y": 60,
            "hp": 667,
            "gold": 70446,
            "exp": 352
        },
        {
            "x": 1075,
            "y": 109,
            "hp": 512,
            "gold": 37886,
            "exp": 330
        },
        {
            "x": 1909,
            "y": 1,
            "hp": 729,
            "gold": 81597,
            "exp": 512
        },
        {
            "x": 1295,
            "y": 61,
            "hp": 766,
            "gold": 62091,
            "exp": 305
        },
        {
            "x": 478,
            "y": 99,
            "hp": 326,
            "gold": 16953,
            "exp": 222
        },
        {
            "x": 1935,
            "y": 119,
            "hp": 1006,
            "gold": 85846,
            "exp": 394
        },
        {
            "x": 1130,
            "y": 32,
            "hp": 587,
            "gold": 39619,
            "exp": 301
        },
        {
            "x": 1407,
            "y": 170,
            "hp": 755,
            "gold": 53471,
            "exp": 369
        },
        {
            "x": 1969,
            "y": 72,
            "hp": 780,
            "gold": 103536,
            "exp": 471
        },
        {
            "x": 1602,
            "y": 160,
            "hp": 731,
            "gold": 62648,
            "exp": 458
        },
        {
            "x": 429,
            "y": 3,
            "hp": 364,
            "gold": 15948,
            "exp": 190
        },
        {
            "x": 341,
            "y": 129,
            "hp": 289,
            "gold": 12857,
            "exp": 221
        },
        {
            "x": 316,
            "y": 18,
            "hp": 305,
            "gold": 11755,
            "exp": 155
        },
        {
            "x": 460,
            "y": 101,
            "hp": 319,
            "gold": 15925,
            "exp": 253
        },
        {
            "x": 478,
            "y": 169,
            "hp": 314,
            "gold": 17270,
            "exp": 217
        },
        {
            "x": 512,
            "y": 65,
            "hp": 376,
            "gold": 19212,
            "exp": 206
        },
        {
            "x": 1063,
            "y": 63,
            "hp": 556,
            "gold": 47961,
            "exp": 283
        },
        {
            "x": 1478,
            "y": 99,
            "hp": 866,
            "gold": 57169,
            "exp": 406
        },
        {
            "x": 780,
            "y": 184,
            "hp": 578,
            "gold": 25366,
            "exp": 294
        },
        {
            "x": 1993,
            "y": 50,
            "hp": 788,
            "gold": 79680,
            "exp": 363
        },
        {
            "x": 400,
            "y": 178,
            "hp": 368,
            "gold": 11218,
            "exp": 236
        },
        {
            "x": 402,
            "y": 119,
            "hp": 301,
            "gold": 13342,
            "exp": 234
        },
        {
            "x": 1390,
            "y": 179,
            "hp": 682,
            "gold": 60273,
            "exp": 386
        },
        {
            "x": 270,
            "y": 52,
            "hp": 287,
            "gold": 7361,
            "exp": 154
        },
        {
            "x": 795,
            "y": 193,
            "hp": 455,
            "gold": 30883,
            "exp": 230
        },
        {
            "x": 806,
            "y": 154,
            "hp": 445,
            "gold": 28088,
            "exp": 265
        },
        {
            "x": 1181,
            "y": 156,
            "hp": 642,
            "gold": 43399,
            "exp": 317
        },
        {
            "x": 170,
            "y": 14,
            "hp": 211,
            "gold": 4718,
            "exp": 116
        },
        {
            "x": 897,
            "y": 71,
            "hp": 497,
            "gold": 39015,
            "exp": 313
        },
        {
            "x": 1694,
            "y": 137,
            "hp": 934,
            "gold": 63076,
            "exp": 493
        },
        {
            "x": 1077,
            "y": 118,
            "hp": 499,
            "gold": 42702,
            "exp": 333
        },
        {
            "x": 498,
            "y": 130,
            "hp": 349,
            "gold": 15454,
            "exp": 257
        },
        {
            "x": 1508,
            "y": 35,
            "hp": 699,
            "gold": 77747,
            "exp": 345
        },
        {
            "x": 1183,
            "y": 72,
            "hp": 709,
            "gold": 51006,
            "exp": 379
        },
        {
            "x": 692,
            "y": 113,
            "hp": 531,
            "gold": 22856,
            "exp": 308
        },
        {
            "x": 1035,
            "y": 109,
            "hp": 501,
            "gold": 44151,
            "exp": 284
        },
        {
            "x": 749,
            "y": 123,
            "hp": 394,
            "gold": 25294,
            "exp": 249
        },
        {
            "x": 1028,
            "y": 50,
            "hp": 630,
            "gold": 34764,
            "exp": 292
        },
        {
            "x": 1769,
            "y": 161,
            "hp": 705,
            "gold": 64262,
            "exp": 452
        },
        {
            "x": 45,
            "y": 78,
            "hp": 80,
            "gold": 858,
            "exp": 65
        },
        {
            "x": 482,
            "y": 169,
            "hp": 369,
            "gold": 19980,
            "exp": 195
        },
        {
            "x": 1707,
            "y": 169,
            "hp": 659,
            "gold": 75289,
            "exp": 361
        },
        {
            "x": 476,
            "y": 13,
            "hp": 303,
            "gold": 17782,
            "exp": 259
        },
        {
            "x": 1660,
            "y": 14,
            "hp": 786,
            "gold": 74919,
            "exp": 379
        },
        {
            "x": 645,
            "y": 74,
            "hp": 476,
            "gold": 19960,
            "exp": 278
        },
        {
            "x": 980,
            "y": 124,
            "hp": 496,
            "gold": 32697,
            "exp": 352
        },
        {
            "x": 211,
            "y": 55,
            "hp": 223,
            "gold": 5553,
            "exp": 172
        },
        {
            "x": 1603,
            "y": 194,
            "hp": 799,
            "gold": 82412,
            "exp": 477
        },
        {
            "x": 1160,
            "y": 43,
            "hp": 625,
            "gold": 46040,
            "exp": 351
        },
        {
            "x": 857,
            "y": 32,
            "hp": 628,
            "gold": 33716,
            "exp": 289
        },
        {
            "x": 1045,
            "y": 64,
            "hp": 693,
            "gold": 40448,
            "exp": 382
        },
        {
            "x": 331,
            "y": 149,
            "hp": 291,
            "gold": 10496,
            "exp": 149
        },
        {
            "x": 965,
            "y": 131,
            "hp": 603,
            "gold": 39891,
            "exp": 281
        },
        {
            "x": 919,
            "y": 2,
            "hp": 649,
            "gold": 42826,
            "exp": 302
        },
        {
            "x": 1756,
            "y": 43,
            "hp": 863,
            "gold": 84996,
            "exp": 483
        },
        {
            "x": 557,
            "y": 87,
            "hp": 434,
            "gold": 20102,
            "exp": 231
        },
        {
            "x": 678,
            "y": 33,
            "hp": 520,
            "gold": 30035,
            "exp": 242
        },
        {
            "x": 1681,
            "y": 39,
            "hp": 654,
            "gold": 78220,
            "exp": 360
        },
        {
            "x": 972,
            "y": 121,
            "hp": 665,
            "gold": 37680,
            "exp": 304
        },
        {
            "x": 73,
            "y": 121,
            "hp": 122,
            "gold": 1497,
            "exp": 71
        },
        {
            "x": 581,
            "y": 108,
            "hp": 368,
            "gold": 24697,
            "exp": 250
        },
        {
            "x": 846,
            "y": 18,
            "hp": 480,
            "gold": 33363,
            "exp": 265
        },
        {
            "x": 1905,
            "y": 82,
            "hp": 764,
            "gold": 89166,
            "exp": 496
        },
        {
            "x": 1189,
            "y": 66,
            "hp": 671,
            "gold": 53444,
            "exp": 337
        },
        {
            "x": 1407,
            "y": 88,
            "hp": 788,
            "gold": 71914,
            "exp": 302
        },
        {
            "x": 497,
            "y": 119,
            "hp": 383,
            "gold": 20078,
            "exp": 259
        },
        {
            "x": 1643,
            "y": 6,
            "hp": 802,
            "gold": 62431,
            "exp": 443
        },
        {
            "x": 1549,
            "y": 75,
            "hp": 913,
            "gold": 65334,
            "exp": 466
        },
        {
            "x": 1112,
            "y": 97,
            "hp": 693,
            "gold": 52723,
            "exp": 390
        },
        {
            "x": 385,
            "y": 73,
            "hp": 367,
            "gold": 15245,
            "exp": 202
        },
        {
            "x": 1429,
            "y": 130,
            "hp": 768,
            "gold": 58715,
            "exp": 448
        },
        {
            "x": 767,
            "y": 140,
            "hp": 558,
            "gold": 23905,
            "exp": 289
        },
        {
            "x": 1859,
            "y": 160,
            "hp": 718,
            "gold": 92114,
            "exp": 405
        },
        {
            "x": 923,
            "y": 141,
            "hp": 552,
            "gold": 41343,
            "exp": 277
        },
        {
            "x": 1055,
            "y": 142,
            "hp": 643,
            "gold": 35326,
            "exp": 292
        },
        {
            "x": 1847,
            "y": 128,
            "hp": 829,
            "gold": 76032,
            "exp": 434
        },
        {
            "x": 743,
            "y": 124,
            "hp": 417,
            "gold": 24957,
            "exp": 240
        },
        {
            "x": 797,
            "y": 7,
            "hp": 570,
            "gold": 28592,
            "exp": 300
        },
        {
            "x": 261,
            "y": 84,
            "hp": 229,
            "gold": 9635,
            "exp": 176
        },
        {
            "x": 1670,
            "y": 90,
            "hp": 969,
            "gold": 60317,
            "exp": 436
        },
        {
            "x": 1104,
            "y": 109,
            "hp": 641,
            "gold": 44838,
            "exp": 354
        },
        {
            "x": 1208,
            "y": 73,
            "hp": 572,
            "gold": 41655,
            "exp": 377
        },
        {
            "x": 47,
            "y": 70,
            "hp": 75,
            "gold": 1258,
            "exp": 61
        },
        {
            "x": 1296,
            "y": 128,
            "hp": 581,
            "gold": 45807,
            "exp": 402
        },
        {
            "x": 1986,
            "y": 161,
            "hp": 837,
            "gold": 83060,
            "exp": 525
        },
        {
            "x": 403,
            "y": 33,
            "hp": 298,
            "gold": 10814,
            "exp": 202
        },
        {
            "x": 1763,
            "y": 84,
            "hp": 958,
            "gold": 85564,
            "exp": 399
        },
        {
            "x": 166,
            "y": 196,
            "hp": 190,
            "gold": 4487,
            "exp": 145
        },
        {
            "x": 386,
            "y": 128,
            "hp": 278,
            "gold": 13701,
            "exp": 169
        },
        {
            "x": 182,
            "y": 74,
            "hp": 196,
            "gold": 4666,
            "exp": 118
        },
        {
            "x": 975,
            "y": 25,
            "hp": 647,
            "gold": 38484,
            "exp": 262
        },
        {
            "x": 1577,
            "y": 26,
            "hp": 842,
            "gold": 58814,
            "exp": 351
        },
        {
            "x": 1220,
            "y": 196,
            "hp": 686,
            "gold": 51993,
            "exp": 319
        },
        {
            "x": 1265,
            "y": 37,
            "hp": 791,
            "gold": 58473,
            "exp": 417
        },
        {
            "x": 352,
            "y": 71,
            "hp": 262,
            "gold": 10773,
            "exp": 197
        },
        {
            "x": 1184,
            "y": 95,
            "hp": 543,
            "gold": 45387,
            "exp": 320
        },
        {
            "x": 1101,
            "y": 192,
            "hp": 521,
            "gold": 45370,
            "exp": 369
        },
        {
            "x": 1899,
            "y": 14,
            "hp": 1024,
            "gold": 75302,
            "exp": 461
        },
        {
            "x": 421,
            "y": 27,
            "hp": 289,
            "gold": 16103,
            "exp": 231
        },
        {
            "x": 517,
            "y": 66,
            "hp": 373,
            "gold": 21526,
            "exp": 218
        },
        {
            "x": 535,
            "y": 118,
            "hp": 404,
            "gold": 21916,
            "exp": 186
        },
        {
            "x": 359,
            "y": 132,
            "hp": 268,
            "gold": 10760,
            "exp": 202
        },
        {
            "x": 1037,
            "y": 30,
            "hp": 594,
            "gold": 49247,
            "exp": 294
        },
        {
            "x": 1333,
            "y": 146,
            "hp": 761,
            "gold": 46885,
            "exp": 373
        },
        {
            "x": 757,
            "y": 42,
            "hp": 521,
            "gold": 29798,
            "exp": 282
        },
        {
            "x": 122,
            "y": 159,
            "hp": 136,
            "gold": 3567,
            "exp": 102
        },
        {
            "x": 712,
            "y": 182,
            "hp": 423,
            "gold": 23801,
            "exp": 312
        },
        {
            "x": 1571,
            "y": 185,
            "hp": 639,
            "gold": 60724,
            "exp": 354
        },
        {
            "x": 1463,
            "y": 73,
            "hp": 639,
            "gold": 52123,
            "exp": 324
        },
        {
            "x": 836,
            "y": 167,
            "hp": 434,
            "gold": 32478,
            "exp": 297
        },
        {
            "x": 1235,
            "y": 29,
            "hp": 701,
            "gold": 48853,
            "exp": 408
        },
        {
            "x": 653,
            "y": 35,
            "hp": 362,
            "gold": 28592,
            "exp": 302
        },
        {
            "x": 1330,
            "y": 88,
            "hp": 576,
            "gold": 58597,
            "exp": 428
        },
        {
            "x": 1075,
            "y": 17,
            "hp": 663,
            "gold": 48590,
            "exp": 333
        },
        {
            "x": 1394,
            "y": 10,
            "hp": 753,
            "gold": 66398,
            "exp": 302
        },
        {
            "x": 933,
            "y": 143,
            "hp": 454,
            "gold": 32770,
            "exp": 278
        },
        {
            "x": 1205,
            "y": 20,
            "hp": 755,
            "gold": 50873,
            "exp": 357
        },
        {
            "x": 1049,
            "y": 39,
            "hp": 698,
            "gold": 34573,
            "exp": 275
        },
        {
            "x": 1817,
            "y": 148,
            "hp": 943,
            "gold": 81924,
            "exp": 346
        },
        {
            "x": 1195,
            "y": 168,
            "hp": 634,
            "gold": 48791,
            "exp": 281
        },
        {
            "x": 1599,
            "y": 41,
            "hp": 674,
            "gold": 67555,
            "exp": 362
        },
        {
            "x": 737,
            "y": 137,
            "hp": 467,
            "gold": 26120,
            "exp": 312
        },
        {
            "x": 524,
            "y": 119,
            "hp": 358,
            "gold": 16140,
            "exp": 274
        },
        {
            "x": 122,
            "y": 47,
            "hp": 161,
            "gold": 3533,
            "exp": 116
        },
        {
            "x": 1219,
            "y": 61,
            "hp": 661,
            "gold": 45530,
            "exp": 368
        },
        {
            "x": 183,
            "y": 123,
            "hp": 204,
            "gold": 6036,
            "exp": 147
        },
        {
            "x": 1825,
            "y": 167,
            "hp": 774,
            "gold": 86474,
            "exp": 456
        },
        {
            "x": 1132,
            "y": 38,
            "hp": 555,
            "gold": 40959,
            "exp": 306
        },
        {
            "x": 770,
            "y": 118,
            "hp": 456,
            "gold": 30924,
            "exp": 304
        },
        {
            "x": 1760,
            "y": 162,
            "hp": 948,
            "gold": 73962,
            "exp": 359
        },
        {
            "x": 54,
            "y": 86,
            "hp": 82,
            "gold": 1446,
            "exp": 86
        },
        {
            "x": 1550,
            "y": 19,
            "hp": 640,
            "gold": 75696,
            "exp": 456
        },
        {
            "x": 30,
            "y": 134,
            "hp": 61,
            "gold": 614,
            "exp": 58
        },
        {
            "x": 1749,
            "y": 24,
            "hp": 711,
            "gold": 73247,
            "exp": 339
        },
        {
            "x": 333,
            "y": 152,
            "hp": 339,
            "gold": 9491,
            "exp": 205
        },
        {
            "x": 1088,
            "y": 75,
            "hp": 612,
            "gold": 50250,
            "exp": 350
        },
        {
            "x": 270,
            "y": 127,
            "hp": 294,
            "gold": 9923,
            "exp": 158
        },
        {
            "x": 1257,
            "y": 141,
            "hp": 584,
            "gold": 58917,
            "exp": 416
        },
        {
            "x": 1514,
            "y": 60,
            "hp": 771,
            "gold": 62754,
            "exp": 377
        },
        {
            "x": 701,
            "y": 68,
            "hp": 457,
            "gold": 26341,
            "exp": 260
        },
        {
            "x": 1501,
            "y": 55,
            "hp": 663,
            "gold": 55300,
            "exp": 319
        },
        {
            "x": 1792,
            "y": 166,
            "hp": 736,
            "gold": 67933,
            "exp": 444
        },
        {
            "x": 303,
            "y": 97,
            "hp": 305,
            "gold": 10608,
            "exp": 168
        },
        {
            "x": 1833,
            "y": 110,
            "hp": 925,
            "gold": 72028,
            "exp": 397
        },
        {
            "x": 1302,
            "y": 53,
            "hp": 570,
            "gold": 45622,
            "exp": 381
        },
        {
            "x": 1529,
            "y": 148,
            "hp": 910,
            "gold": 69168,
            "exp": 431
        },
        {
            "x": 689,
            "y": 121,
            "hp": 405,
            "gold": 22266,
            "exp": 265
        },
        {
            "x": 278,
            "y": 32,
            "hp": 230,
            "gold": 8484,
            "exp": 199
        },
        {
            "x": 341,
            "y": 165,
            "hp": 244,
            "gold": 10597,
            "exp": 192
        },
        {
            "x": 1286,
            "y": 85,
            "hp": 585,
            "gold": 52777,
            "exp": 300
        },
        {
            "x": 1115,
            "y": 146,
            "hp": 681,
            "gold": 37391,
            "exp": 322
        },
        {
            "x": 1987,
            "y": 168,
            "hp": 881,
            "gold": 80344,
            "exp": 475
        },
        {
            "x": 223,
            "y": 7,
            "hp": 230,
            "gold": 7394,
            "exp": 120
        },
        {
            "x": 313,
            "y": 148,
            "hp": 265,
            "gold": 11314,
            "exp": 156
        },
        {
            "x": 496,
            "y": 135,
            "hp": 359,
            "gold": 17363,
            "exp": 189
        },
        {
            "x": 325,
            "y": 121,
            "hp": 319,
            "gold": 10776,
            "exp": 155
        },
        {
            "x": 1977,
            "y": 59,
            "hp": 804,
            "gold": 105971,
            "exp": 363
        },
        {
            "x": 1560,
            "y": 59,
            "hp": 847,
            "gold": 65821,
            "exp": 356
        },
        {
            "x": 1601,
            "y": 129,
            "hp": 894,
            "gold": 81012,
            "exp": 331
        },
        {
            "x": 1013,
            "y": 106,
            "hp": 598,
            "gold": 39039,
            "exp": 269
        },
        {
            "x": 1128,
            "y": 119,
            "hp": 659,
            "gold": 54917,
            "exp": 337
        },
        {
            "x": 851,
            "y": 200,
            "hp": 495,
            "gold": 35928,
            "exp": 336
        },
        {
            "x": 83,
            "y": 2,
            "hp": 117,
            "gold": 1923,
            "exp": 92
        },
        {
            "x": 751,
            "y": 13,
            "hp": 472,
            "gold": 27408,
            "exp": 281
        },
        {
            "x": 1505,
            "y": 70,
            "hp": 874,
            "gold": 67412,
            "exp": 423
        },
        {
            "x": 244,
            "y": 165,
            "hp": 258,
            "gold": 8767,
            "exp": 139
        },
        {
            "x": 308,
            "y": 31,
            "hp": 260,
            "gold": 9395,
            "exp": 183
        },
        {
            "x": 1286,
            "y": 156,
            "hp": 781,
            "gold": 63147,
            "exp": 371
        },
        {
            "x": 1940,
            "y": 73,
            "hp": 730,
            "gold": 98811,
            "exp": 444
        },
        {
            "x": 1121,
            "y": 27,
            "hp": 514,
            "gold": 46394,
            "exp": 308
        },
        {
            "x": 119,
            "y": 149,
            "hp": 162,
            "gold": 3136,
            "exp": 122
        },
        {
            "x": 500,
            "y": 78,
            "hp": 343,
            "gold": 15029,
            "exp": 200
        },
        {
            "x": 192,
            "y": 37,
            "hp": 209,
            "gold": 5126,
            "exp": 148
        },
        {
            "x": 237,
            "y": 110,
            "hp": 210,
            "gold": 8197,
            "exp": 151
        },
        {
            "x": 1693,
            "y": 159,
            "hp": 848,
            "gold": 89631,
            "exp": 426
        },
        {
            "x": 443,
            "y": 136,
            "hp": 411,
            "gold": 12660,
            "exp": 180
        },
        {
            "x": 811,
            "y": 114,
            "hp": 550,
            "gold": 24979,
            "exp": 271
        },
        {
            "x": 1767,
            "y": 32,
            "hp": 971,
            "gold": 63929,
            "exp": 366
        },
        {
            "x": 1429,
            "y": 46,
            "hp": 856,
            "gold": 70988,
            "exp": 428
        },
        {
            "x": 1588,
            "y": 31,
            "hp": 649,
            "gold": 72201,
            "exp": 338
        },
        {
            "x": 298,
            "y": 115,
            "hp": 262,
            "gold": 9118,
            "exp": 142
        },
        {
            "x": 1313,
            "y": 180,
            "hp": 647,
            "gold": 49194,
            "exp": 393
        },
        {
            "x": 246,
            "y": 169,
            "hp": 234,
            "gold": 7254,
            "exp": 152
        },
        {
            "x": 1358,
            "y": 36,
            "hp": 707,
            "gold": 61373,
            "exp": 390
        },
        {
            "x": 78,
            "y": 159,
            "hp": 114,
            "gold": 1913,
            "exp": 92
        },
        {
            "x": 1042,
            "y": 6,
            "hp": 693,
            "gold": 37174,
            "exp": 352
        },
        {
            "x": 627,
            "y": 173,
            "hp": 364,
            "gold": 25464,
            "exp": 241
        },
        {
            "x": 131,
            "y": 169,
            "hp": 132,
            "gold": 3854,
            "exp": 125
        },
        {
            "x": 1571,
            "y": 81,
            "hp": 628,
            "gold": 61724,
            "exp": 324
        },
        {
            "x": 634,
            "y": 195,
            "hp": 392,
            "gold": 22408,
            "exp": 238
        },
        {
            "x": 202,
            "y": 151,
            "hp": 196,
            "gold": 6587,
            "exp": 164
        },
        {
            "x": 671,
            "y": 31,
            "hp": 456,
            "gold": 24581,
            "exp": 217
        },
        {
            "x": 1386,
            "y": 33,
            "hp": 603,
            "gold": 65125,
            "exp": 416
        },
        {
            "x": 683,
            "y": 95,
            "hp": 448,
            "gold": 28825,
            "exp": 213
        },
        {
            "x": 26,
            "y": 9,
            "hp": 60,
            "gold": 656,
            "exp": 46
        },
        {
            "x": 1089,
            "y": 82,
            "hp": 667,
            "gold": 46181,
            "exp": 296
        },
        {
            "x": 425,
            "y": 80,
            "hp": 304,
            "gold": 13215,
            "exp": 169
        },
        {
            "x": 552,
            "y": 141,
            "hp": 369,
            "gold": 20832,
            "exp": 246
        },
        {
            "x": 1033,
            "y": 157,
            "hp": 524,
            "gold": 38818,
            "exp": 265
        },
        {
            "x": 827,
            "y": 170,
            "hp": 420,
            "gold": 32807,
            "exp": 250
        },
        {
            "x": 1273,
            "y": 25,
            "hp": 555,
            "gold": 60824,
            "exp": 296
        },
        {
            "x": 772,
            "y": 3,
            "hp": 497,
            "gold": 32028,
            "exp": 283
        },
        {
            "x": 1608,
            "y": 162,
            "hp": 711,
            "gold": 63297,
            "exp": 320
        },
        {
            "x": 262,
            "y": 21,
            "hp": 254,
            "gold": 9016,
            "exp": 135
        },
        {
            "x": 1390,
            "y": 84,
            "hp": 843,
            "gold": 70734,
            "exp": 338
        },
        {
            "x": 85,
            "y": 18,
            "hp": 96,
            "gold": 2216,
            "exp": 87
        },
        {
            "x": 795,
            "y": 111,
            "hp": 488,
            "gold": 34145,
            "exp": 300
        },
        {
            "x": 740,
            "y": 150,
            "hp": 503,
            "gold": 29327,
            "exp": 261
        },
        {
            "x": 256,
            "y": 40,
            "hp": 291,
            "gold": 6879,
            "exp": 135
        },
        {
            "x": 993,
            "y": 200,
            "hp": 486,
            "gold": 32273,
            "exp": 258
        },
        {
            "x": 289,
            "y": 28,
            "hp": 278,
            "gold": 8697,
            "exp": 138
        },
        {
            "x": 461,
            "y": 186,
            "hp": 354,
            "gold": 16466,
            "exp": 226
        },
        {
            "x": 178,
            "y": 178,
            "hp": 208,
            "gold": 6084,
            "exp": 139
        },
        {
            "x": 331,
            "y": 82,
            "hp": 259,
            "gold": 11932,
            "exp": 183
        },
        {
            "x": 1050,
            "y": 114,
            "hp": 625,
            "gold": 35571,
            "exp": 320
        },
        {
            "x": 1315,
            "y": 17,
            "hp": 643,
            "gold": 52732,
            "exp": 412
        },
        {
            "x": 296,
            "y": 99,
            "hp": 285,
            "gold": 9393,
            "exp": 174
        },
        {
            "x": 1380,
            "y": 65,
            "hp": 652,
            "gold": 53285,
            "exp": 431
        },
        {
            "x": 613,
            "y": 132,
            "hp": 357,
            "gold": 17804,
            "exp": 264
        },
        {
            "x": 1590,
            "y": 13,
            "hp": 752,
            "gold": 58029,
            "exp": 412
        },
        {
            "x": 1712,
            "y": 55,
            "hp": 841,
            "gold": 73640,
            "exp": 410
        },
        {
            "x": 1873,
            "y": 10,
            "hp": 1005,
            "gold": 72216,
            "exp": 512
        },
        {
            "x": 1040,
            "y": 74,
            "hp": 681,
            "gold": 34112,
            "exp": 259
        },
        {
            "x": 362,
            "y": 53,
            "hp": 292,
            "gold": 13636,
            "exp": 204
        },
        {
            "x": 1874,
            "y": 29,
            "hp": 763,
            "gold": 99515,
            "exp": 507
        },
        {
            "x": 1069,
            "y": 88,
            "hp": 558,
            "gold": 39173,
            "exp": 348
        },
        {
            "x": 216,
            "y": 29,
            "hp": 235,
            "gold": 5149,
            "exp": 134
        },
        {
            "x": 1742,
            "y": 41,
            "hp": 817,
            "gold": 72454,
            "exp": 434
        },
        {
            "x": 158,
            "y": 48,
            "hp": 179,
            "gold": 4001,
            "exp": 143
        },
        {
            "x": 1380,
            "y": 9,
            "hp": 736,
            "gold": 50326,
            "exp": 413
        },
        {
            "x": 1705,
            "y": 132,
            "hp": 681,
            "gold": 60686,
            "exp": 463
        },
        {
            "x": 1190,
            "y": 90,
            "hp": 668,
            "gold": 53601,
            "exp": 331
        },
        {
            "x": 179,
            "y": 34,
            "hp": 185,
            "gold": 6132,
            "exp": 134
        },
        {
            "x": 671,
            "y": 108,
            "hp": 371,
            "gold": 23385,
            "exp": 220
        },
        {
            "x": 889,
            "y": 65,
            "hp": 542,
            "gold": 36918,
            "exp": 256
        },
        {
            "x": 851,
            "y": 146,
            "hp": 546,
            "gold": 32280,
            "exp": 236
        },
        {
            "x": 1208,
            "y": 110,
            "hp": 754,
            "gold": 54290,
            "exp": 383
        },
        {
            "x": 584,
            "y": 137,
            "hp": 435,
            "gold": 24797,
            "exp": 210
        },
        {
            "x": 1305,
            "y": 5,
            "hp": 648,
            "gold": 51595,
            "exp": 373
        },
        {
            "x": 829,
            "y": 77,
            "hp": 463,
            "gold": 37862,
            "exp": 281
        },
        {
            "x": 1764,
            "y": 71,
            "hp": 967,
            "gold": 89924,
            "exp": 407
        },
        {
            "x": 412,
            "y": 179,
            "hp": 387,
            "gold": 14222,
            "exp": 187
        },
        {
            "x": 221,
            "y": 18,
            "hp": 248,
            "gold": 6048,
            "exp": 119
        },
        {
            "x": 380,
            "y": 21,
            "hp": 354,
            "gold": 14320,
            "exp": 158
        },
        {
            "x": 676,
            "y": 156,
            "hp": 447,
            "gold": 24956,
            "exp": 231
        },
        {
            "x": 54,
            "y": 59,
            "hp": 89,
            "gold": 1217,
            "exp": 70
        },
        {
            "x": 58,
            "y": 76,
            "hp": 97,
            "gold": 1241,
            "exp": 73
        },
        {
            "x": 1794,
            "y": 137,
            "hp": 957,
            "gold": 93519,
            "exp": 383
        },
        {
            "x": 753,
            "y": 5,
            "hp": 519,
            "gold": 25820,
            "exp": 239
        },
        {
            "x": 915,
            "y": 3,
            "hp": 633,
            "gold": 30224,
            "exp": 242
        },
        {
            "x": 14,
            "y": 159,
            "hp": 33,
            "gold": 329,
            "exp": 37
        },
        {
            "x": 1745,
            "y": 111,
            "hp": 868,
            "gold": 75010,
            "exp": 354
        },
        {
            "x": 1129,
            "y": 79,
            "hp": 600,
            "gold": 44471,
            "exp": 268
        },
        {
            "x": 734,
            "y": 66,
            "hp": 442,
            "gold": 26377,
            "exp": 311
        },
        {
            "x": 227,
            "y": 127,
            "hp": 240,
            "gold": 6363,
            "exp": 137
        },
        {
            "x": 818,
            "y": 53,
            "hp": 612,
            "gold": 26835,
            "exp": 252
        },
        {
            "x": 263,
            "y": 161,
            "hp": 248,
            "gold": 7660,
            "exp": 177
        },
        {
            "x": 189,
            "y": 84,
            "hp": 170,
            "gold": 6203,
            "exp": 132
        },
        {
            "x": 1013,
            "y": 159,
            "hp": 702,
            "gold": 44827,
            "exp": 293
        },
        {
            "x": 1590,
            "y": 183,
            "hp": 725,
            "gold": 70214,
            "exp": 462
        },
        {
            "x": 310,
            "y": 75,
            "hp": 307,
            "gold": 10435,
            "exp": 168
        },
        {
            "x": 1812,
            "y": 164,
            "hp": 747,
            "gold": 82268,
            "exp": 381
        },
        {
            "x": 243,
            "y": 125,
            "hp": 253,
            "gold": 8687,
            "exp": 161
        },
        {
            "x": 1872,
            "y": 129,
            "hp": 1022,
            "gold": 82519,
            "exp": 359
        },
        {
            "x": 1731,
            "y": 164,
            "hp": 959,
            "gold": 90787,
            "exp": 458
        },
        {
            "x": 619,
            "y": 132,
            "hp": 473,
            "gold": 19567,
            "exp": 249
        },
        {
            "x": 1874,
            "y": 132,
            "hp": 746,
            "gold": 93439,
            "exp": 445
        },
        {
            "x": 1395,
            "y": 116,
            "hp": 790,
            "gold": 54534,
            "exp": 330
        },
        {
            "x": 443,
            "y": 39,
            "hp": 309,
            "gold": 17874,
            "exp": 218
        },
        {
            "x": 231,
            "y": 102,
            "hp": 244,
            "gold": 6699,
            "exp": 177
        },
        {
            "x": 463,
            "y": 129,
            "hp": 391,
            "gold": 16403,
            "exp": 200
        },
        {
            "x": 1930,
            "y": 116,
            "hp": 790,
            "gold": 86930,
            "exp": 359
        },
        {
            "x": 662,
            "y": 83,
            "hp": 499,
            "gold": 22969,
            "exp": 305
        },
        {
            "x": 855,
            "y": 57,
            "hp": 537,
            "gold": 32400,
            "exp": 327
        },
        {
            "x": 1841,
            "y": 29,
            "hp": 856,
            "gold": 68498,
            "exp": 352
        },
        {
            "x": 1730,
            "y": 162,
            "hp": 703,
            "gold": 86896,
            "exp": 498
        },
        {
            "x": 1170,
            "y": 64,
            "hp": 742,
            "gold": 42001,
            "exp": 366
        },
        {
            "x": 521,
            "y": 112,
            "hp": 396,
            "gold": 15981,
            "exp": 197
        },
        {
            "x": 771,
            "y": 181,
            "hp": 484,
            "gold": 29737,
            "exp": 327
        },
        {
            "x": 1252,
            "y": 120,
            "hp": 702,
            "gold": 42623,
            "exp": 364
        },
        {
            "x": 804,
            "y": 67,
            "hp": 526,
            "gold": 26640,
            "exp": 253
        },
        {
            "x": 72,
            "y": 19,
            "hp": 101,
            "gold": 1553,
            "exp": 87
        },
        {
            "x": 628,
            "y": 10,
            "hp": 465,
            "gold": 26117,
            "exp": 269
        },
        {
            "x": 1476,
            "y": 162,
            "hp": 633,
            "gold": 56908,
            "exp": 446
        },
        {
            "x": 1645,
            "y": 131,
            "hp": 948,
            "gold": 76089,
            "exp": 342
        },
        {
            "x": 1402,
            "y": 124,
            "hp": 783,
            "gold": 64699,
            "exp": 419
        },
        {
            "x": 978,
            "y": 157,
            "hp": 663,
            "gold": 34882,
            "exp": 317
        },
        {
            "x": 1678,
            "y": 109,
            "hp": 846,
            "gold": 87378,
            "exp": 462
        },
        {
            "x": 1404,
            "y": 49,
            "hp": 579,
            "gold": 64779,
            "exp": 318
        },
        {
            "x": 175,
            "y": 65,
            "hp": 220,
            "gold": 4907,
            "exp": 124
        },
        {
            "x": 1580,
            "y": 54,
            "hp": 784,
            "gold": 63907,
            "exp": 452
        },
        {
            "x": 469,
            "y": 100,
            "hp": 325,
            "gold": 14604,
            "exp": 247
        },
        {
            "x": 526,
            "y": 146,
            "hp": 444,
            "gold": 17035,
            "exp": 267
        },
        {
            "x": 996,
            "y": 16,
            "hp": 526,
            "gold": 32445,
            "exp": 362
        },
        {
            "x": 742,
            "y": 118,
            "hp": 533,
            "gold": 28507,
            "exp": 278
        },
        {
            "x": 130,
            "y": 68,
            "hp": 139,
            "gold": 4240,
            "exp": 92
        },
        {
            "x": 134,
            "y": 49,
            "hp": 158,
            "gold": 3409,
            "exp": 121
        },
        {
            "x": 1643,
            "y": 173,
            "hp": 908,
            "gold": 65704,
            "exp": 372
        },
        {
            "x": 840,
            "y": 156,
            "hp": 498,
            "gold": 26796,
            "exp": 319
        },
        {
            "x": 711,
            "y": 139,
            "hp": 559,
            "gold": 29521,
            "exp": 227
        },
        {
            "x": 330,
            "y": 14,
            "hp": 326,
            "gold": 11508,
            "exp": 165
        },
        {
            "x": 178,
            "y": 10,
            "hp": 205,
            "gold": 5251,
            "exp": 121
        },
        {
            "x": 850,
            "y": 52,
            "hp": 595,
            "gold": 33575,
            "exp": 325
        },
        {
            "x": 1045,
            "y": 111,
            "hp": 715,
            "gold": 47053,
            "exp": 309
        },
        {
            "x": 494,
            "y": 16,
            "hp": 404,
            "gold": 20552,
            "exp": 215
        },
        {
            "x": 1638,
            "y": 20,
            "hp": 928,
            "gold": 64658,
            "exp": 380
        },
        {
            "x": 976,
            "y": 17,
            "hp": 512,
            "gold": 38453,
            "exp": 265
        },
        {
            "x": 1724,
            "y": 17,
            "hp": 722,
            "gold": 72367,
            "exp": 437
        },
        {
            "x": 338,
            "y": 57,
            "hp": 241,
            "gold": 10102,
            "exp": 167
        },
        {
            "x": 1500,
            "y": 73,
            "hp": 613,
            "gold": 66112,
            "exp": 325
        },
        {
            "x": 1166,
            "y": 3,
            "hp": 627,
            "gold": 51768,
            "exp": 350
        },
        {
            "x": 1029,
            "y": 60,
            "hp": 692,
            "gold": 45413,
            "exp": 353
        },
        {
            "x": 862,
            "y": 17,
            "hp": 532,
            "gold": 34706,
            "exp": 270
        },
        {
            "x": 453,
            "y": 114,
            "hp": 300,
            "gold": 18420,
            "exp": 223
        },
        {
            "x": 901,
            "y": 15,
            "hp": 500,
            "gold": 42250,
            "exp": 302
        },
        {
            "x": 494,
            "y": 124,
            "hp": 345,
            "gold": 18951,
            "exp": 227
        },
        {
            "x": 431,
            "y": 72,
            "hp": 290,
            "gold": 15261,
            "exp": 167
        },
        {
            "x": 526,
            "y": 199,
            "hp": 339,
            "gold": 15047,
            "exp": 207
        },
        {
            "x": 1597,
            "y": 187,
            "hp": 763,
            "gold": 69965,
            "exp": 410
        },
        {
            "x": 864,
            "y": 130,
            "hp": 431,
            "gold": 36112,
            "exp": 307
        },
        {
            "x": 822,
            "y": 173,
            "hp": 518,
            "gold": 37050,
            "exp": 277
        },
        {
            "x": 927,
            "y": 61,
            "hp": 627,
            "gold": 34931,
            "exp": 256
        },
        {
            "x": 896,
            "y": 86,
            "hp": 462,
            "gold": 39533,
            "exp": 303
        },
        {
            "x": 1260,
            "y": 67,
            "hp": 574,
            "gold": 59561,
            "exp": 402
        },
        {
            "x": 196,
            "y": 122,
            "hp": 191,
            "gold": 5717,
            "exp": 150
        },
        {
            "x": 806,
            "y": 176,
            "hp": 508,
            "gold": 35593,
            "exp": 263
        },
        {
            "x": 459,
            "y": 86,
            "hp": 357,
            "gold": 13608,
            "exp": 256
        },
        {
            "x": 1331,
            "y": 88,
            "hp": 588,
            "gold": 65398,
            "exp": 361
        },
        {
            "x": 1417,
            "y": 108,
            "hp": 586,
            "gold": 63763,
            "exp": 353
        },
        {
            "x": 753,
            "y": 26,
            "hp": 507,
            "gold": 24417,
            "exp": 288
        },
        {
            "x": 1477,
            "y": 2,
            "hp": 680,
            "gold": 53064,
            "exp": 409
        },
        {
            "x": 304,
            "y": 172,
            "hp": 321,
            "gold": 10285,
            "exp": 140
        },
        {
            "x": 1994,
            "y": 31,
            "hp": 975,
            "gold": 86265,
            "exp": 420
        },
        {
            "x": 557,
            "y": 106,
            "hp": 326,
            "gold": 19308,
            "exp": 242
        },
        {
            "x": 240,
            "y": 154,
            "hp": 252,
            "gold": 6848,
            "exp": 172
        },
        {
            "x": 227,
            "y": 92,
            "hp": 261,
            "gold": 6675,
            "exp": 180
        },
        {
            "x": 649,
            "y": 41,
            "hp": 490,
            "gold": 20681,
            "exp": 292
        },
        {
            "x": 1055,
            "y": 25,
            "hp": 559,
            "gold": 45001,
            "exp": 316
        },
        {
            "x": 1777,
            "y": 39,
            "hp": 904,
            "gold": 80487,
            "exp": 355
        },
        {
            "x": 1735,
            "y": 7,
            "hp": 803,
            "gold": 85292,
            "exp": 378
        },
        {
            "x": 1968,
            "y": 42,
            "hp": 1060,
            "gold": 96659,
            "exp": 470
        },
        {
            "x": 688,
            "y": 171,
            "hp": 477,
            "gold": 30427,
            "exp": 308
        },
        {
            "x": 968,
            "y": 60,
            "hp": 623,
            "gold": 42187,
            "exp": 328
        },
        {
            "x": 1613,
            "y": 188,
            "hp": 694,
            "gold": 59203,
            "exp": 477
        },
        {
            "x": 805,
            "y": 65,
            "hp": 487,
            "gold": 24744,
            "exp": 260
        },
        {
            "x": 1194,
            "y": 52,
            "hp": 588,
            "gold": 43758,
            "exp": 384
        },
        {
            "x": 1437,
            "y": 73,
            "hp": 665,
            "gold": 52526,
            "exp": 318
        },
        {
            "x": 1028,
            "y": 193,
            "hp": 696,
            "gold": 41216,
            "exp": 364
        },
        {
            "x": 1975,
            "y": 141,
            "hp": 938,
            "gold": 82414,
            "exp": 368
        },
        {
            "x": 1382,
            "y": 192,
            "hp": 660,
            "gold": 58625,
            "exp": 400
        },
        {
            "x": 1480,
            "y": 90,
            "hp": 752,
            "gold": 55438,
            "exp": 417
        },
        {
            "x": 1992,
            "y": 135,
            "hp": 1006,
            "gold": 96145,
            "exp": 376
        },
        {
            "x": 1096,
            "y": 175,
            "hp": 730,
            "gold": 38336,
            "exp": 391
        },
        {
            "x": 1085,
            "y": 106,
            "hp": 588,
            "gold": 42541,
            "exp": 305
        },
        {
            "x": 456,
            "y": 66,
            "hp": 338,
            "gold": 15466,
            "exp": 191
        },
        {
            "x": 1269,
            "y": 30,
            "hp": 708,
            "gold": 54534,
            "exp": 313
        },
        {
            "x": 562,
            "y": 123,
            "hp": 465,
            "gold": 21622,
            "exp": 201
        },
        {
            "x": 1758,
            "y": 22,
            "hp": 993,
            "gold": 72045,
            "exp": 354
        },
        {
            "x": 1688,
            "y": 32,
            "hp": 767,
            "gold": 87502,
            "exp": 389
        },
        {
            "x": 1653,
            "y": 6,
            "hp": 724,
            "gold": 62518,
            "exp": 395
        },
        {
            "x": 1412,
            "y": 180,
            "hp": 607,
            "gold": 66833,
            "exp": 304
        },
        {
            "x": 493,
            "y": 117,
            "hp": 378,
            "gold": 20140,
            "exp": 260
        },
        {
            "x": 1732,
            "y": 125,
            "hp": 943,
            "gold": 69301,
            "exp": 412
        },
        {
            "x": 238,
            "y": 100,
            "hp": 228,
            "gold": 7870,
            "exp": 149
        },
        {
            "x": 1086,
            "y": 103,
            "hp": 679,
            "gold": 50188,
            "exp": 274
        },
        {
            "x": 1045,
            "y": 108,
            "hp": 667,
            "gold": 33853,
            "exp": 288
        },
        {
            "x": 1958,
            "y": 123,
            "hp": 840,
            "gold": 101817,
            "exp": 502
        },
        {
            "x": 431,
            "y": 175,
            "hp": 388,
            "gold": 16622,
            "exp": 192
        },
        {
            "x": 590,
            "y": 84,
            "hp": 426,
            "gold": 23640,
            "exp": 234
        },
        {
            "x": 225,
            "y": 11,
            "hp": 268,
            "gold": 6293,
            "exp": 166
        },
        {
            "x": 1795,
            "y": 66,
            "hp": 687,
            "gold": 89870,
            "exp": 420
        },
        {
            "x": 842,
            "y": 113,
            "hp": 588,
            "gold": 38920,
            "exp": 249
        },
        {
            "x": 303,
            "y": 12,
            "hp": 287,
            "gold": 9990,
            "exp": 142
        },
        {
            "x": 846,
            "y": 121,
            "hp": 454,
            "gold": 33472,
            "exp": 280
        },
        {
            "x": 1728,
            "y": 105,
            "hp": 737,
            "gold": 75117,
            "exp": 406
        },
        {
            "x": 650,
            "y": 15,
            "hp": 511,
            "gold": 24253,
            "exp": 238
        },
        {
            "x": 339,
            "y": 189,
            "hp": 253,
            "gold": 10637,
            "exp": 213
        },
        {
            "x": 739,
            "y": 178,
            "hp": 572,
            "gold": 31208,
            "exp": 287
        },
        {
            "x": 1102,
            "y": 155,
            "hp": 580,
            "gold": 53414,
            "exp": 358
        },
        {
            "x": 741,
            "y": 194,
            "hp": 453,
            "gold": 26555,
            "exp": 243
        },
        {
            "x": 1320,
            "y": 137,
            "hp": 660,
            "gold": 53780,
            "exp": 337
        },
        {
            "x": 1598,
            "y": 169,
            "hp": 938,
            "gold": 57185,
            "exp": 424
        },
        {
            "x": 238,
            "y": 30,
            "hp": 222,
            "gold": 6814,
            "exp": 154
        }
    ]
}