{
    "hero": {
        "base_speed": 32,
        "base_power": 25,
        "base_range": 25,
        "level_speed_coeff": 8,
        "level_power_coeff": 5,
        "level_range_coeff": 3
    },
    "start_x": 384,
    "start_y": 393,
    "width": 1000,
    "height": 1000,
    "num_turns": 2222,
    "monsters": [
        {
            "x": 841,
            "y": 532,
            "hp": 834,
            "gold": 8086,
            "exp": 45
        },
        {
            "x": 835,
            "y": 515,
            "hp": 150,
            "gold": 212,
            "exp": 42
        },
        {
            "x": 859,
            "y": 518,
            "hp": 206,
            "gold": 999,
            "exp": 20
        },
        {
            "x": 854,
            "y": 535,
            "hp": 413,
            "gold": 2324,
            "exp": 152
        },
        {
            "x": 856,
            "y": 522,
            "hp": 221,
            "gold": 205,
            "exp": 134
        },
        {
            "x": 867,
            "y": 546,
            "hp": 164,
            "gold": 320,
            "exp": 44
        },
        {
            "x": 841,
            "y": 534,
            "hp": 191,
            "gold": 243,
            "exp": 25
        },
        {
            "x": 853,
            "y": 536,
            "hp": 228,
            "gold": 464,
            "exp": 123
        },
        {
            "x": 259,
            "y": 296,
            "hp": 681,
            "gold": 2077,
            "exp": 145
        },
        {
            "x": 259,
            "y": 293,
            "hp": 311,
            "gold": 826,
            "exp": 216
        },
        {
            "x": 226,
            "y": 322,
            "hp": 384,
            "gold": 1617,
            "exp": 282
        },
        {
            "x": 241,
            "y": 311,
            "hp": 455,
            "gold": 1866,
            "exp": 163
        },
        {
            "x": 247,
            "y": 330,
            "hp": 112,
            "gold": 284,
            "exp": 44
        },
        {
            "x": 227,
            "y": 309,
            "hp": 167,
            "gold": 293,
            "exp": 19
        },
        {
            "x": 227,
            "y": 292,
            "hp": 288,
            "gold": 449,
            "exp": 44
        },
        {
            "x": 228,
            "y": 311,
            "hp": 238,
            "gold": 447,
            "exp": 83
        },
        {
            "x": 257,
            "y": 299,
            "hp": 268,
            "gold": 475,
            "exp": 36
        },
        {
            "x": 240,
            "y": 298,
            "hp": 420,
            "gold": 1050,
            "exp": 126
        },
        {
            "x": 428,
            "y": 371,
            "hp": 924,
            "gold": 2769,
            "exp": 234
        },
        {
            "x": 425,
            "y": 371,
            "hp": 303,
            "gold": 871,
            "exp": 29
        },
        {
            "x": 398,
            "y": 348,
            "hp": 451,
            "gold": 1775,
            "exp": 94
        },
        {
            "x": 402,
            "y": 344,
            "hp": 475,
            "gold": 3239,
            "exp": 25
        },
        {
            "x": 409,
            "y": 342,
            "hp": 109,
            "gold": 432,
            "exp": 52
        },
        {
            "x": 404,
            "y": 346,
            "hp": 293,
            "gold": 1466,
            "exp": 61
        },
        {
            "x": 400,
            "y": 367,
            "hp": 348,
            "gold": 465,
            "exp": 59
        },
        {
            "x": 423,
            "y": 361,
            "hp": 103,
            "gold": 118,
            "exp": 33
        },
        {
            "x": 402,
            "y": 347,
            "hp": 421,
            "gold": 780,
            "exp": 134
        },
        {
            "x": 408,
            "y": 333,
            "hp": 364,
            "gold": 882,
            "exp": 34
        },
        {
            "x": 412,
            "y": 358,
            "hp": 488,
            "gold": 475,
            "exp": 284
        },
        {
            "x": 956,
            "y": 968,
            "hp": 813,
            "gold": 4522,
            "exp": 328
        },
        {
            "x": 969,
            "y": 951,
            "hp": 463,
            "gold": 999,
            "exp": 60
        },
        {
            "x": 962,
            "y": 961,
            "hp": 491,
            "gold": 1115,
            "exp": 71
        },
        {
            "x": 948,
            "y": 946,
            "hp": 278,
            "gold": 1693,
            "exp": 45
        },
        {
            "x": 950,
            "y": 950,
            "hp": 113,
            "gold": 195,
            "exp": 87
        },
        {
            "x": 955,
            "y": 966,
            "hp": 430,
            "gold": 530,
            "exp": 288
        },
        {
            "x": 965,
            "y": 960,
            "hp": 135,
            "gold": 118,
            "exp": 20
        },
        {
            "x": 972,
            "y": 962,
            "hp": 317,
            "gold": 1822,
            "exp": 79
        },
        {
            "x": 972,
            "y": 965,
            "hp": 453,
            "gold": 850,
            "exp": 69
        },
        {
            "x": 958,
            "y": 940,
            "hp": 107,
            "gold": 449,
            "exp": 30
        },
        {
            "x": 951,
            "y": 966,
            "hp": 278,
            "gold": 411,
            "exp": 206
        },
        {
            "x": 957,
            "y": 937,
            "hp": 262,
            "gold": 215,
            "exp": 26
        },
        {
            "x": 1000,
            "y": 273,
            "hp": 581,
            "gold": 5164,
            "exp": 65
        },
        {
            "x": 990,
            "y": 264,
            "hp": 160,
            "gold": 957,
            "exp": 71
        },
        {
            "x": 1000,
            "y": 241,
            "hp": 387,
            "gold": 489,
            "exp": 81
        },
        {
            "x": 973,
            "y": 271,
            "hp": 167,
            "gold": 206,
            "exp": 81
        },
        {
            "x": 973,
            "y": 260,
            "hp": 111,
            "gold": 324,
            "exp": 21
        },
        {
            "x": 978,
            "y": 263,
            "hp": 103,
            "gold": 139,
            "exp": 39
        },
        {
            "x": 1000,
            "y": 251,
            "hp": 451,
            "gold": 624,
            "exp": 56
        },
        {
            "x": 1000,
            "y": 250,
            "hp": 363,
            "gold": 793,
            "exp": 50
        },
        {
            "x": 894,
            "y": 765,
            "hp": 604,
            "gold": 2489,
            "exp": 412
        },
        {
            "x": 878,
            "y": 759,
            "hp": 219,
            "gold": 1166,
            "exp": 25
        },
        {
            "x": 904,
            "y": 758,
            "hp": 464,
            "gold": 2554,
            "exp": 199
        },
        {
            "x": 911,
            "y": 784,
            "hp": 436,
            "gold": 779,
            "exp": 217
        },
        {
            "x": 888,
            "y": 779,
            "hp": 329,
            "gold": 1196,
            "exp": 26
        },
        {
            "x": 903,
            "y": 772,
            "hp": 336,
            "gold": 541,
            "exp": 31
        },
        {
            "x": 882,
            "y": 761,
            "hp": 461,
            "gold": 1156,
            "exp": 75
        },
        {
            "x": 876,
            "y": 773,
            "hp": 484,
            "gold": 548,
            "exp": 125
        },
        {
            "x": 908,
            "y": 752,
            "hp": 193,
            "gold": 229,
            "exp": 110
        },
        {
            "x": 909,
            "y": 760,
            "hp": 279,
            "gold": 923,
            "exp": 131
        },
        {
            "x": 889,
            "y": 761,
            "hp": 170,
            "gold": 754,
            "exp": 142
        },
        {
            "x": 907,
            "y": 765,
            "hp": 401,
            "gold": 3292,
            "exp": 49
        },
        {
            "x": 971,
            "y": 344,
            "hp": 664,
            "gold": 4328,
            "exp": 430
        },
        {
            "x": 981,
            "y": 360,
            "hp": 289,
            "gold": 1009,
            "exp": 176
        },
        {
            "x": 984,
            "y": 357,
            "hp": 358,
            "gold": 1590,
            "exp": 199
        },
        {
            "x": 983,
            "y": 343,
            "hp": 223,
            "gold": 1409,
            "exp": 37
        },
        {
            "x": 956,
            "y": 348,
            "hp": 456,
            "gold": 3653,
            "exp": 204
        },
        {
            "x": 948,
            "y": 336,
            "hp": 319,
            "gold": 959,
            "exp": 30
        },
        {
            "x": 963,
            "y": 358,
            "hp": 309,
            "gold": 1125,
            "exp": 44
        },
        {
            "x": 977,
            "y": 352,
            "hp": 435,
            "gold": 991,
            "exp": 135
        },
        {
            "x": 967,
            "y": 371,
            "hp": 294,
            "gold": 269,
            "exp": 62
        },
        {
            "x": 960,
            "y": 343,
            "hp": 225,
            "gold": 666,
            "exp": 47
        },
        {
            "x": 144,
            "y": 21,
            "hp": 663,
            "gold": 635,
            "exp": 53
        },
        {
            "x": 142,
            "y": 1,
            "hp": 131,
            "gold": 236,
            "exp": 56
        },
        {
            "x": 152,
            "y": 17,
            "hp": 264,
            "gold": 1001,
            "exp": 67
        },
        {
            "x": 145,
            "y": 32,
            "hp": 392,
            "gold": 1119,
            "exp": 81
        },
        {
            "x": 175,
            "y": 26,
            "hp": 105,
            "gold": 171,
            "exp": 51
        },
        {
            "x": 149,
            "y": 25,
            "hp": 418,
            "gold": 479,
            "exp": 79
        },
        {
            "x": 155,
            "y": 6,
            "hp": 351,
            "gold": 297,
            "exp": 35
        },
        {
            "x": 147,
            "y": 4,
            "hp": 173,
            "gold": 432,
            "exp": 102
        },
        {
            "x": 775,
            "y": 858,
            "hp": 926,
            "gold": 1103,
            "exp": 229
        },
        {
            "x": 771,
            "y": 859,
            "hp": 156,
            "gold": 682,
            "exp": 27
        },
        {
            "x": 802,
            "y": 857,
            "hp": 114,
            "gold": 329,
            "exp": 21
        },
        {
            "x": 770,
            "y": 860,
            "hp": 142,
            "gold": 157,
            "exp": 40
        },
        {
            "x": 771,
            "y": 843,
            "hp": 216,
            "gold": 338,
            "exp": 71
        },
        {
            "x": 776,
            "y": 853,
            "hp": 453,
            "gold": 1546,
            "exp": 27
        },
        {
            "x": 773,
            "y": 861,
            "hp": 385,
            "gold": 416,
            "exp": 47
        },
        {
            "x": 775,
            "y": 865,
            "hp": 150,
            "gold": 435,
            "exp": 78
        },
        {
            "x": 458,
            "y": 232,
            "hp": 732,
            "gold": 2040,
            "exp": 131
        },
        {
            "x": 447,
            "y": 230,
            "hp": 216,
            "gold": 281,
            "exp": 81
        },
        {
            "x": 450,
            "y": 227,
            "hp": 363,
            "gold": 436,
            "exp": 202
        },
        {
            "x": 455,
            "y": 237,
            "hp": 152,
            "gold": 532,
            "exp": 62
        },
        {
            "x": 440,
            "y": 210,
            "hp": 340,
            "gold": 592,
            "exp": 127
        },
        {
            "x": 467,
            "y": 226,
            "hp": 425,
            "gold": 948,
            "exp": 94
        },
        {
            "x": 463,
            "y": 212,
            "hp": 343,
            "gold": 1476,
            "exp": 116
        },
        {
            "x": 445,
            "y": 233,
            "hp": 332,
            "gold": 618,
            "exp": 22
        },
        {
            "x": 439,
            "y": 209,
            "hp": 264,
            "gold": 279,
            "exp": 56
        },
        {
            "x": 461,
            "y": 238,
            "hp": 255,
            "gold": 243,
            "exp": 28
        },
        {
            "x": 454,
            "y": 235,
            "hp": 197,
            "gold": 1015,
            "exp": 60
        },
        {
            "x": 430,
            "y": 217,
            "hp": 458,
            "gold": 2444,
            "exp": 103
        },
        {
            "x": 660,
            "y": 236,
            "hp": 605,
            "gold": 392,
            "exp": 42
        },
        {
            "x": 637,
            "y": 242,
            "hp": 441,
            "gold": 2695,
            "exp": 110
        },
        {
            "x": 644,
            "y": 246,
            "hp": 382,
            "gold": 1230,
            "exp": 131
        },
        {
            "x": 650,
            "y": 239,
            "hp": 193,
            "gold": 315,
            "exp": 27
        },
        {
            "x": 653,
            "y": 242,
            "hp": 366,
            "gold": 999,
            "exp": 31
        },
        {
            "x": 637,
            "y": 233,
            "hp": 371,
            "gold": 1389,
            "exp": 80
        },
        {
            "x": 641,
            "y": 233,
            "hp": 415,
            "gold": 1672,
            "exp": 108
        },
        {
            "x": 383,
            "y": 927,
            "hp": 925,
            "gold": 7387,
            "exp": 172
        },
        {
            "x": 365,
            "y": 909,
            "hp": 455,
            "gold": 2394,
            "exp": 234
        },
        {
            "x": 364,
            "y": 909,
            "hp": 276,
            "gold": 236,
            "exp": 55
        },
        {
            "x": 371,
            "y": 911,
            "hp": 362,
            "gold": 619,
            "exp": 161
        },
        {
            "x": 367,
            "y": 937,
            "hp": 383,
            "gold": 1947,
            "exp": 57
        },
        {
            "x": 385,
            "y": 942,
            "hp": 234,
            "gold": 318,
            "exp": 72
        },
        {
            "x": 366,
            "y": 944,
            "hp": 333,
            "gold": 1475,
            "exp": 129
        },
        {
            "x": 388,
            "y": 918,
            "hp": 488,
            "gold": 2319,
            "exp": 59
        },
        {
            "x": 382,
            "y": 916,
            "hp": 477,
            "gold": 1537,
            "exp": 243
        },
        {
            "x": 364,
            "y": 913,
            "hp": 355,
            "gold": 523,
            "exp": 25
        },
        {
            "x": 391,
            "y": 911,
            "hp": 388,
            "gold": 1986,
            "exp": 141
        },
        {
            "x": 541,
            "y": 500,
            "hp": 670,
            "gold": 3529,
            "exp": 259
        },
        {
            "x": 552,
            "y": 513,
            "hp": 486,
            "gold": 613,
            "exp": 113
        },
        {
            "x": 561,
            "y": 526,
            "hp": 327,
            "gold": 473,
            "exp": 155
        },
        {
            "x": 565,
            "y": 520,
            "hp": 326,
            "gold": 935,
            "exp": 70
        },
        {
            "x": 537,
            "y": 527,
            "hp": 330,
            "gold": 343,
            "exp": 112
        },
        {
            "x": 549,
            "y": 520,
            "hp": 383,
            "gold": 2784,
            "exp": 96
        },
        {
            "x": 544,
            "y": 525,
            "hp": 322,
            "gold": 977,
            "exp": 61
        },
        {
            "x": 529,
            "y": 531,
            "hp": 390,
            "gold": 1645,
            "exp": 40
        },
        {
            "x": 564,
            "y": 501,
            "hp": 443,
            "gold": 2682,
            "exp": 46
        },
        {
            "x": 153,
            "y": 330,
            "hp": 556,
            "gold": 2548,
            "exp": 281
        },
        {
            "x": 146,
            "y": 316,
            "hp": 131,
            "gold": 390,
            "exp": 40
        },
        {
            "x": 129,
            "y": 352,
            "hp": 266,
            "gold": 904,
            "exp": 98
        },
        {
            "x": 143,
            "y": 326,
            "hp": 100,
            "gold": 98,
            "exp": 45
        },
        {
            "x": 148,
            "y": 330,
            "hp": 240,
            "gold": 834,
            "exp": 96
        },
        {
            "x": 121,
            "y": 345,
            "hp": 330,
            "gold": 443,
            "exp": 80
        },
        {
            "x": 683,
            "y": 29,
            "hp": 547,
            "gold": 574,
            "exp": 47
        },
        {
            "x": 680,
            "y": 57,
            "hp": 359,
            "gold": 2163,
            "exp": 121
        },
        {
            "x": 680,
            "y": 33,
            "hp": 158,
            "gold": 277,
            "exp": 17
        },
        {
            "x": 667,
            "y": 51,
            "hp": 278,
            "gold": 431,
            "exp": 37
        },
        {
            "x": 689,
            "y": 43,
            "hp": 131,
            "gold": 361,
            "exp": 43
        },
        {
            "x": 685,
            "y": 51,
            "hp": 309,
            "gold": 720,
            "exp": 193
        },
        {
            "x": 704,
            "y": 412,
            "hp": 618,
            "gold": 683,
            "exp": 57
        },
        {
            "x": 719,
            "y": 431,
            "hp": 302,
            "gold": 508,
            "exp": 89
        },
        {
            "x": 715,
            "y": 440,
            "hp": 258,
            "gold": 226,
            "exp": 68
        },
        {
            "x": 694,
            "y": 434,
            "hp": 153,
            "gold": 696,
            "exp": 25
        },
        {
            "x": 696,
            "y": 416,
            "hp": 365,
            "gold": 1162,
            "exp": 33
        },
        {
            "x": 692,
            "y": 424,
            "hp": 174,
            "gold": 850,
            "exp": 51
        },
        {
            "x": 695,
            "y": 428,
            "hp": 103,
            "gold": 152,
            "exp": 68
        },
        {
            "x": 713,
            "y": 442,
            "hp": 342,
            "gold": 1577,
            "exp": 56
        },
        {
            "x": 651,
            "y": 743,
            "hp": 681,
            "gold": 2676,
            "exp": 448
        },
        {
            "x": 630,
            "y": 763,
            "hp": 132,
            "gold": 324,
            "exp": 98
        },
        {
            "x": 646,
            "y": 746,
            "hp": 456,
            "gold": 380,
            "exp": 121
        },
        {
            "x": 632,
            "y": 744,
            "hp": 338,
            "gold": 1010,
            "exp": 42
        },
        {
            "x": 665,
            "y": 737,
            "hp": 286,
            "gold": 556,
            "exp": 55
        },
        {
            "x": 666,
            "y": 764,
            "hp": 366,
            "gold": 387,
            "exp": 104
        },
        {
            "x": 641,
            "y": 755,
            "hp": 261,
            "gold": 866,
            "exp": 88
        },
        {
            "x": 654,
            "y": 760,
            "hp": 271,
            "gold": 1593,
            "exp": 141
        },
        {
            "x": 642,
            "y": 748,
            "hp": 221,
            "gold": 209,
            "exp": 102
        },
        {
            "x": 642,
            "y": 739,
            "hp": 183,
            "gold": 372,
            "exp": 44
        },
        {
            "x": 648,
            "y": 747,
            "hp": 118,
            "gold": 176,
            "exp": 42
        },
        {
            "x": 648,
            "y": 742,
            "hp": 298,
            "gold": 695,
            "exp": 59
        },
        {
            "x": 945,
            "y": 653,
            "hp": 813,
            "gold": 2650,
            "exp": 61
        },
        {
            "x": 927,
            "y": 631,
            "hp": 347,
            "gold": 600,
            "exp": 141
        },
        {
            "x": 940,
            "y": 625,
            "hp": 101,
            "gold": 124,
            "exp": 13
        },
        {
            "x": 935,
            "y": 649,
            "hp": 182,
            "gold": 258,
            "exp": 83
        },
        {
            "x": 937,
            "y": 656,
            "hp": 121,
            "gold": 110,
            "exp": 17
        },
        {
            "x": 913,
            "y": 633,
            "hp": 346,
            "gold": 833,
            "exp": 124
        },
        {
            "x": 918,
            "y": 626,
            "hp": 497,
            "gold": 299,
            "exp": 44
        },
        {
            "x": 559,
            "y": 833,
            "hp": 599,
            "gold": 3189,
            "exp": 406
        },
        {
            "x": 556,
            "y": 817,
            "hp": 461,
            "gold": 986,
            "exp": 207
        },
        {
            "x": 555,
            "y": 830,
            "hp": 406,
            "gold": 1848,
            "exp": 28
        },
        {
            "x": 558,
            "y": 803,
            "hp": 351,
            "gold": 295,
            "exp": 30
        },
        {
            "x": 541,
            "y": 831,
            "hp": 484,
            "gold": 1293,
            "exp": 31
        },
        {
            "x": 564,
            "y": 829,
            "hp": 495,
            "gold": 460,
            "exp": 148
        },
        {
            "x": 571,
            "y": 806,
            "hp": 152,
            "gold": 315,
            "exp": 115
        },
        {
            "x": 553,
            "y": 36,
            "hp": 927,
            "gold": 5792,
            "exp": 62
        },
        {
            "x": 555,
            "y": 64,
            "hp": 174,
            "gold": 288,
            "exp": 125
        },
        {
            "x": 549,
            "y": 68,
            "hp": 285,
            "gold": 1081,
            "exp": 222
        },
        {
            "x": 567,
            "y": 70,
            "hp": 255,
            "gold": 357,
            "exp": 24
        },
        {
            "x": 546,
            "y": 65,
            "hp": 121,
            "gold": 360,
            "exp": 22
        },
        {
            "x": 558,
            "y": 72,
            "hp": 323,
            "gold": 492,
            "exp": 225
        },
        {
            "x": 189,
            "y": 622,
            "hp": 786,
            "gold": 557,
            "exp": 123
        },
        {
            "x": 208,
            "y": 633,
            "hp": 172,
            "gold": 387,
            "exp": 86
        },
        {
            "x": 201,
            "y": 620,
            "hp": 189,
            "gold": 504,
            "exp": 119
        },
        {
            "x": 204,
            "y": 630,
            "hp": 148,
            "gold": 390,
            "exp": 91
        },
        {
            "x": 189,
            "y": 610,
            "hp": 262,
            "gold": 230,
            "exp": 44
        },
        {
            "x": 212,
            "y": 613,
            "hp": 112,
            "gold": 137,
            "exp": 20
        },
        {
            "x": 203,
            "y": 621,
            "hp": 432,
            "gold": 329,
            "exp": 242
        },
        {
            "x": 199,
            "y": 623,
            "hp": 102,
            "gold": 149,
            "exp": 22
        },
        {
            "x": 35,
            "y": 704,
            "hp": 610,
            "gold": 1222,
            "exp": 58
        },
        {
            "x": 19,
            "y": 705,
            "hp": 402,
            "gold": 760,
            "exp": 150
        },
        {
            "x": 45,
            "y": 700,
            "hp": 253,
            "gold": 198,
            "exp": 97
        },
        {
            "x": 46,
            "y": 727,
            "hp": 493,
            "gold": 904,
            "exp": 74
        },
        {
            "x": 17,
            "y": 712,
            "hp": 329,
            "gold": 1256,
            "exp": 141
        },
        {
            "x": 20,
            "y": 710,
            "hp": 462,
            "gold": 355,
            "exp": 79
        },
        {
            "x": 53,
            "y": 732,
            "hp": 188,
            "gold": 222,
            "exp": 31
        },
        {
            "x": 36,
            "y": 730,
            "hp": 497,
            "gold": 1332,
            "exp": 31
        },
        {
            "x": 601,
            "y": 669,
            "hp": 632,
            "gold": 557,
            "exp": 255
        },
        {
            "x": 573,
            "y": 654,
            "hp": 228,
            "gold": 296,
            "exp": 28
        },
        {
            "x": 580,
            "y": 654,
            "hp": 278,
            "gold": 1398,
            "exp": 53
        },
        {
            "x": 609,
            "y": 653,
            "hp": 293,
            "gold": 1838,
            "exp": 26
        },
        {
            "x": 596,
            "y": 687,
            "hp": 443,
            "gold": 1345,
            "exp": 75
        },
        {
            "x": 594,
            "y": 671,
            "hp": 480,
            "gold": 525,
            "exp": 81
        },
        {
            "x": 607,
            "y": 654,
            "hp": 384,
            "gold": 2303,
            "exp": 240
        },
        {
            "x": 582,
            "y": 658,
            "hp": 283,
            "gold": 295,
            "exp": 172
        },
        {
            "x": 270,
            "y": 976,
            "hp": 864,
            "gold": 775,
            "exp": 46
        },
        {
            "x": 289,
            "y": 998,
            "hp": 388,
            "gold": 290,
            "exp": 130
        },
        {
            "x": 282,
            "y": 968,
            "hp": 359,
            "gold": 2005,
            "exp": 121
        },
        {
            "x": 279,
            "y": 979,
            "hp": 277,
            "gold": 652,
            "exp": 96
        },
        {
            "x": 271,
            "y": 976,
            "hp": 393,
            "gold": 1857,
            "exp": 135
        },
        {
            "x": 265,
            "y": 964,
            "hp": 495,
            "gold": 672,
            "exp": 338
        },
        {
            "x": 298,
            "y": 998,
            "hp": 386,
            "gold": 331,
            "exp": 40
        },
        {
            "x": 57,
            "y": 852,
            "hp": 849,
            "gold": 480,
            "exp": 107
        },
        {
            "x": 50,
            "y": 836,
            "hp": 171,
            "gold": 592,
            "exp": 66
        },
        {
            "x": 46,
            "y": 855,
            "hp": 166,
            "gold": 846,
            "exp": 21
        },
        {
            "x": 67,
            "y": 829,
            "hp": 475,
            "gold": 2542,
            "exp": 25
        },
        {
            "x": 65,
            "y": 836,
            "hp": 464,
            "gold": 1466,
            "exp": 121
        },
        {
            "x": 68,
            "y": 859,
            "hp": 359,
            "gold": 2139,
            "exp": 24
        },
        {
            "x": 79,
            "y": 838,
            "hp": 355,
            "gold": 739,
            "exp": 20
        },
        {
            "x": 62,
            "y": 854,
            "hp": 153,
            "gold": 526,
            "exp": 25
        },
        {
            "x": 861,
            "y": 0,
            "hp": 771,
            "gold": 7350,
            "exp": 96
        },
        {
            "x": 853,
            "y": 7,
            "hp": 340,
            "gold": 713,
            "exp": 70
        },
        {
            "x": 825,
            "y": 4,
            "hp": 199,
            "gold": 1088,
            "exp": 101
        },
        {
            "x": 849,
            "y": 19,
            "hp": 299,
            "gold": 1538,
            "exp": 25
        },
        {
            "x": 830,
            "y": 23,
            "hp": 188,
            "gold": 953,
            "exp": 34
        },
        {
            "x": 836,
            "y": 0,
            "hp": 145,
            "gold": 529,
            "exp": 32
        },
        {
            "x": 851,
            "y": 27,
            "hp": 208,
            "gold": 723,
            "exp": 29
        },
        {
            "x": 849,
            "y": 6,
            "hp": 253,
            "gold": 220,
            "exp": 114
        },
        {
            "x": 375,
            "y": 788,
            "hp": 883,
            "gold": 9499,
            "exp": 242
        },
        {
            "x": 342,
            "y": 797,
            "hp": 199,
            "gold": 748,
            "exp": 46
        },
        {
            "x": 352,
            "y": 812,
            "hp": 184,
            "gold": 591,
            "exp": 133
        },
        {
            "x": 367,
            "y": 806,
            "hp": 375,
            "gold": 1368,
            "exp": 80
        },
        {
            "x": 371,
            "y": 803,
            "hp": 446,
            "gold": 2790,
            "exp": 39
        },
        {
            "x": 377,
            "y": 785,
            "hp": 137,
            "gold": 166,
            "exp": 30
        },
        {
            "x": 356,
            "y": 804,
            "hp": 194,
            "gold": 1305,
            "exp": 59
        },
        {
            "x": 347,
            "y": 782,
            "hp": 399,
            "gold": 2060,
            "exp": 151
        },
        {
            "x": 682,
            "y": 599,
            "hp": 896,
            "gold": 878,
            "exp": 68
        },
        {
            "x": 674,
            "y": 600,
            "hp": 427,
            "gold": 1177,
            "exp": 144
        },
        {
            "x": 663,
            "y": 620,
            "hp": 227,
            "gold": 298,
            "exp": 160
        },
        {
            "x": 657,
            "y": 614,
            "hp": 183,
            "gold": 244,
            "exp": 27
        },
        {
            "x": 660,
            "y": 601,
            "hp": 427,
            "gold": 507,
            "exp": 37
        },
        {
            "x": 669,
            "y": 593,
            "hp": 395,
            "gold": 1445,
            "exp": 147
        },
        {
            "x": 665,
            "y": 608,
            "hp": 239,
            "gold": 498,
            "exp": 88
        },
        {
            "x": 679,
            "y": 623,
            "hp": 183,
            "gold": 369,
            "exp": 43
        },
        {
            "x": 666,
            "y": 623,
            "hp": 387,
            "gold": 787,
            "exp": 179
        },
        {
            "x": 675,
            "y": 619,
            "hp": 270,
            "gold": 1355,
            "exp": 77
        },
        {
            "x": 144,
            "y": 180,
            "hp": 589,
            "gold": 2911,
            "exp": 58
        },
        {
            "x": 121,
            "y": 193,
            "hp": 127,
            "gold": 303,
            "exp": 13
        },
        {
            "x": 142,
            "y": 173,
            "hp": 443,
            "gold": 432,
            "exp": 32
        },
        {
            "x": 148,
            "y": 182,
            "hp": 404,
            "gold": 262,
            "exp": 76
        },
        {
            "x": 138,
            "y": 172,
            "hp": 339,
            "gold": 545,
            "exp": 58
        },
        {
            "x": 148,
            "y": 188,
            "hp": 419,
            "gold": 2429,
            "exp": 50
        },
        {
            "x": 114,
            "y": 166,
            "hp": 416,
            "gold": 2333,
            "exp": 134
        },
        {
            "x": 137,
            "y": 176,
            "hp": 323,
            "gold": 468,
            "exp": 149
        },
        {
            "x": 125,
            "y": 178,
            "hp": 405,
            "gold": 2166,
            "exp": 225
        },
        {
            "x": 148,
            "y": 168,
            "hp": 483,
            "gold": 446,
            "exp": 36
        },
        {
            "x": 122,
            "y": 166,
            "hp": 332,
            "gold": 765,
            "exp": 40
        },
        {
            "x": 301,
            "y": 504,
            "hp": 732,
            "gold": 799,
            "exp": 53
        },
        {
            "x": 301,
            "y": 475,
            "hp": 393,
            "gold": 1537,
            "exp": 90
        },
        {
            "x": 336,
            "y": 498,
            "hp": 443,
            "gold": 429,
            "exp": 299
        },
        {
            "x": 307,
            "y": 480,
            "hp": 172,
            "gold": 526,
            "exp": 64
        },
        {
            "x": 302,
            "y": 469,
            "hp": 161,
            "gold": 215,
            "exp": 19
        },
        {
            "x": 299,
            "y": 503,
            "hp": 391,
            "gold": 352,
            "exp": 71
        },
        {
            "x": 335,
            "y": 486,
            "hp": 334,
            "gold": 498,
            "exp": 75
        },
        {
            "x": 61,
            "y": 96,
            "hp": 889,
            "gold": 1601,
            "exp": 204
        },
        {
            "x": 66,
            "y": 111,
            "hp": 405,
            "gold": 566,
            "exp": 117
        },
        {
            "x": 67,
            "y": 87,
            "hp": 280,
            "gold": 245,
            "exp": 129
        },
        {
            "x": 38,
            "y": 122,
            "hp": 324,
            "gold": 609,
            "exp": 121
        },
        {
            "x": 73,
            "y": 120,
            "hp": 426,
            "gold": 1334,
            "exp": 42
        },
        {
            "x": 42,
            "y": 120,
            "hp": 273,
            "gold": 507,
            "exp": 148
        },
        {
            "x": 63,
            "y": 100,
            "hp": 383,
            "gold": 323,
            "exp": 129
        },
        {
            "x": 57,
            "y": 94,
            "hp": 159,
            "gold": 182,
            "exp": 92
        },
        {
            "x": 66,
            "y": 94,
            "hp": 200,
            "gold": 354,
            "exp": 33
        },
        {
            "x": 43,
            "y": 103,
            "hp": 157,
            "gold": 345,
            "exp": 68
        },
        {
            "x": 9,
            "y": 577,
            "hp": 696,
            "gold": 715,
            "exp": 36
        },
        {
            "x": 16,
            "y": 544,
            "hp": 474,
            "gold": 2536,
            "exp": 164
        },
        {
            "x": 8,
            "y": 543,
            "hp": 335,
            "gold": 1653,
            "exp": 44
        },
        {
            "x": 26,
            "y": 563,
            "hp": 100,
            "gold": 205,
            "exp": 18
        },
        {
            "x": 12,
            "y": 570,
            "hp": 370,
            "gold": 1062,
            "exp": 175
        },
        {
            "x": 23,
            "y": 557,
            "hp": 290,
            "gold": 1630,
            "exp": 152
        },
        {
            "x": 25,
            "y": 572,
            "hp": 230,
            "gold": 626,
            "exp": 58
        },
        {
            "x": 96,
            "y": 667,
            "hp": 799,
            "gold": 3104,
            "exp": 51
        },
        {
            "x": 126,
            "y": 648,
            "hp": 144,
            "gold": 228,
            "exp": 97
        },
        {
            "x": 102,
            "y": 662,
            "hp": 123,
            "gold": 360,
            "exp": 97
        },
        {
            "x": 103,
            "y": 647,
            "hp": 356,
            "gold": 1975,
            "exp": 182
        },
        {
            "x": 127,
            "y": 666,
            "hp": 379,
            "gold": 1631,
            "exp": 166
        },
        {
            "x": 108,
            "y": 639,
            "hp": 429,
            "gold": 3670,
            "exp": 30
        },
        {
            "x": 113,
            "y": 657,
            "hp": 461,
            "gold": 1418,
            "exp": 303
        },
        {
            "x": 224,
            "y": 200,
            "hp": 889,
            "gold": 1966,
            "exp": 86
        },
        {
            "x": 198,
            "y": 209,
            "hp": 400,
            "gold": 2540,
            "exp": 177
        },
        {
            "x": 213,
            "y": 216,
            "hp": 365,
            "gold": 511,
            "exp": 46
        },
        {
            "x": 228,
            "y": 188,
            "hp": 381,
            "gold": 1185,
            "exp": 195
        },
        {
            "x": 211,
            "y": 191,
            "hp": 237,
            "gold": 929,
            "exp": 143
        },
        {
            "x": 214,
            "y": 189,
            "hp": 245,
            "gold": 795,
            "exp": 105
        },
        {
            "x": 229,
            "y": 195,
            "hp": 138,
            "gold": 288,
            "exp": 31
        },
        {
            "x": 320,
            "y": 94,
            "hp": 732,
            "gold": 663,
            "exp": 83
        },
        {
            "x": 303,
            "y": 111,
            "hp": 358,
            "gold": 966,
            "exp": 48
        },
        {
            "x": 313,
            "y": 112,
            "hp": 389,
            "gold": 1224,
            "exp": 48
        },
        {
            "x": 317,
            "y": 105,
            "hp": 219,
            "gold": 395,
            "exp": 93
        },
        {
            "x": 297,
            "y": 89,
            "hp": 272,
            "gold": 295,
            "exp": 52
        },
        {
            "x": 327,
            "y": 126,
            "hp": 361,
            "gold": 1384,
            "exp": 26
        },
        {
            "x": 297,
            "y": 116,
            "hp": 242,
            "gold": 236,
            "exp": 39
        },
        {
            "x": 330,
            "y": 104,
            "hp": 291,
            "gold": 684,
            "exp": 30
        },
        {
            "x": 205,
            "y": 422,
            "hp": 848,
            "gold": 717,
            "exp": 145
        },
        {
            "x": 195,
            "y": 402,
            "hp": 401,
            "gold": 1851,
            "exp": 225
        },
        {
            "x": 177,
            "y": 425,
            "hp": 165,
            "gold": 167,
            "exp": 50
        },
        {
            "x": 193,
            "y": 420,
            "hp": 170,
            "gold": 305,
            "exp": 111
        },
        {
            "x": 210,
            "y": 426,
            "hp": 315,
            "gold": 1199,
            "exp": 209
        },
        {
            "x": 195,
            "y": 406,
            "hp": 237,
            "gold": 1526,
            "exp": 85
        },
        {
            "x": 207,
            "y": 431,
            "hp": 188,
            "gold": 982,
            "exp": 52
        },
        {
            "x": 186,
            "y": 411,
            "hp": 436,
            "gold": 1384,
            "exp": 136
        },
        {
            "x": 209,
            "y": 429,
            "hp": 284,
            "gold": 815,
            "exp": 96
        },
        {
            "x": 198,
            "y": 413,
            "hp": 363,
            "gold": 1938,
            "exp": 84
        },
        {
            "x": 156,
            "y": 829,
            "hp": 574,
            "gold": 2195,
            "exp": 165
        },
        {
            "x": 156,
            "y": 828,
            "hp": 166,
            "gold": 308,
            "exp": 54
        },
        {
            "x": 161,
            "y": 823,
            "hp": 460,
            "gold": 503,
            "exp": 47
        },
        {
            "x": 154,
            "y": 804,
            "hp": 235,
            "gold": 446,
            "exp": 21
        },
        {
            "x": 171,
            "y": 834,
            "hp": 125,
            "gold": 333,
            "exp": 70
        },
        {
            "x": 171,
            "y": 832,
            "hp": 257,
            "gold": 425,
            "exp": 28
        },
        {
            "x": 182,
            "y": 798,
            "hp": 242,
            "gold": 542,
            "exp": 138
        },
        {
            "x": 453,
            "y": 895,
            "hp": 831,
            "gold": 3068,
            "exp": 85
        },
        {
            "x": 470,
            "y": 873,
            "hp": 183,
            "gold": 546,
            "exp": 86
        },
        {
            "x": 458,
            "y": 875,
            "hp": 231,
            "gold": 195,
            "exp": 23
        },
        {
            "x": 471,
            "y": 892,
            "hp": 247,
            "gold": 487,
            "exp": 18
        },
        {
            "x": 478,
            "y": 881,
            "hp": 228,
            "gold": 920,
            "exp": 61
        },
        {
            "x": 485,
            "y": 911,
            "hp": 250,
            "gold": 209,
            "exp": 24
        },
        {
            "x": 466,
            "y": 886,
            "hp": 247,
            "gold": 251,
            "exp": 28
        },
        {
            "x": 475,
            "y": 874,
            "hp": 410,
            "gold": 2070,
            "exp": 147
        },
        {
            "x": 488,
            "y": 882,
            "hp": 120,
            "gold": 256,
            "exp": 14
        },
        {
            "x": 470,
            "y": 896,
            "hp": 156,
            "gold": 512,
            "exp": 90
        },
        {
            "x": 476,
            "y": 897,
            "hp": 290,
            "gold": 239,
            "exp": 56
        },
        {
            "x": 481,
            "y": 901,
            "hp": 481,
            "gold": 675,
            "exp": 59
        },
        {
            "x": 4,
            "y": 208,
            "hp": 788,
            "gold": 2106,
            "exp": 44
        },
        {
            "x": 21,
            "y": 195,
            "hp": 334,
            "gold": 354,
            "exp": 20
        },
        {
            "x": 36,
            "y": 186,
            "hp": 153,
            "gold": 207,
            "exp": 24
        },
        {
            "x": 21,
            "y": 186,
            "hp": 254,
            "gold": 443,
            "exp": 17
        },
        {
            "x": 26,
            "y": 195,
            "hp": 426,
            "gold": 386,
            "exp": 91
        },
        {
            "x": 21,
            "y": 216,
            "hp": 109,
            "gold": 415,
            "exp": 66
        },
        {
            "x": 20,
            "y": 223,
            "hp": 445,
            "gold": 394,
            "exp": 53
        },
        {
            "x": 15,
            "y": 216,
            "hp": 497,
            "gold": 575,
            "exp": 263
        },
        {
            "x": 2,
            "y": 220,
            "hp": 418,
            "gold": 286,
            "exp": 56
        },
        {
            "x": 15,
            "y": 190,
            "hp": 458,
            "gold": 1690,
            "exp": 46
        },
        {
            "x": 789,
            "y": 366,
            "hp": 942,
            "gold": 3906,
            "exp": 381
        },
        {
            "x": 803,
            "y": 381,
            "hp": 196,
            "gold": 353,
            "exp": 58
        },
        {
            "x": 776,
            "y": 378,
            "hp": 362,
            "gold": 347,
            "exp": 159
        },
        {
            "x": 777,
            "y": 363,
            "hp": 226,
            "gold": 1115,
            "exp": 136
        },
        {
            "x": 783,
            "y": 356,
            "hp": 479,
            "gold": 2381,
            "exp": 26
        },
        {
            "x": 777,
            "y": 364,
            "hp": 442,
            "gold": 470,
            "exp": 162
        },
        {
            "x": 757,
            "y": 566,
            "hp": 723,
            "gold": 793,
            "exp": 153
        },
        {
            "x": 755,
            "y": 563,
            "hp": 188,
            "gold": 205,
            "exp": 64
        },
        {
            "x": 730,
            "y": 545,
            "hp": 176,
            "gold": 185,
            "exp": 23
        },
        {
            "x": 752,
            "y": 547,
            "hp": 379,
            "gold": 377,
            "exp": 79
        },
        {
            "x": 758,
            "y": 553,
            "hp": 138,
            "gold": 365,
            "exp": 14
        },
        {
            "x": 749,
            "y": 541,
            "hp": 115,
            "gold": 116,
            "exp": 18
        },
        {
            "x": 875,
            "y": 997,
            "hp": 611,
            "gold": 4149,
            "exp": 40
        },
        {
            "x": 856,
            "y": 995,
            "hp": 162,
            "gold": 450,
            "exp": 40
        },
        {
            "x": 867,
            "y": 988,
            "hp": 282,
            "gold": 657,
            "exp": 33
        },
        {
            "x": 848,
            "y": 977,
            "hp": 499,
            "gold": 3123,
            "exp": 87
        },
        {
            "x": 871,
            "y": 987,
            "hp": 173,
            "gold": 216,
            "exp": 47
        },
        {
            "x": 860,
            "y": 998,
            "hp": 142,
            "gold": 289,
            "exp": 32
        },
        {
            "x": 282,
            "y": 708,
            "hp": 734,
            "gold": 688,
            "exp": 183
        },
        {
            "x": 314,
            "y": 719,
            "hp": 349,
            "gold": 430,
            "exp": 51
        },
        {
            "x": 304,
            "y": 738,
            "hp": 414,
            "gold": 796,
            "exp": 121
        },
        {
            "x": 305,
            "y": 741,
            "hp": 228,
            "gold": 1205,
            "exp": 44
        },
        {
            "x": 299,
            "y": 709,
            "hp": 162,
            "gold": 167,
            "exp": 36
        },
        {
            "x": 289,
            "y": 720,
            "hp": 373,
            "gold": 2325,
            "exp": 207
        },
        {
            "x": 287,
            "y": 715,
            "hp": 413,
            "gold": 336,
            "exp": 73
        },
        {
            "x": 622,
            "y": 127,
            "hp": 795,
            "gold": 7328,
            "exp": 58
        },
        {
            "x": 599,
            "y": 127,
            "hp": 377,
            "gold": 1055,
            "exp": 138
        },
        {
            "x": 594,
            "y": 138,
            "hp": 227,
            "gold": 263,
            "exp": 139
        },
        {
            "x": 627,
            "y": 138,
            "hp": 315,
            "gold": 532,
            "exp": 113
        },
        {
            "x": 602,
            "y": 123,
            "hp": 204,
            "gold": 702,
            "exp": 25
        },
        {
            "x": 621,
            "y": 124,
            "hp": 422,
            "gold": 844,
            "exp": 153
        },
        {
            "x": 614,
            "y": 126,
            "hp": 212,
            "gold": 286,
            "exp": 148
        },
        {
            "x": 515,
            "y": 980,
            "hp": 936,
            "gold": 1157,
            "exp": 63
        },
        {
            "x": 535,
            "y": 1000,
            "hp": 447,
            "gold": 398,
            "exp": 266
        },
        {
            "x": 539,
            "y": 992,
            "hp": 116,
            "gold": 189,
            "exp": 39
        },
        {
            "x": 535,
            "y": 1000,
            "hp": 458,
            "gold": 848,
            "exp": 108
        },
        {
            "x": 523,
            "y": 983,
            "hp": 256,
            "gold": 1523,
            "exp": 36
        },
        {
            "x": 526,
            "y": 989,
            "hp": 201,
            "gold": 246,
            "exp": 91
        },
        {
            "x": 873,
            "y": 257,
            "hp": 724,
            "gold": 798,
            "exp": 243
        },
        {
            "x": 878,
            "y": 278,
            "hp": 449,
            "gold": 274,
            "exp": 38
        },
        {
            "x": 891,
            "y": 279,
            "hp": 332,
            "gold": 570,
            "exp": 158
        },
        {
            "x": 883,
            "y": 261,
            "hp": 267,
            "gold": 212,
            "exp": 129
        },
        {
            "x": 882,
            "y": 275,
            "hp": 385,
            "gold": 421,
            "exp": 30
        },
        {
            "x": 904,
            "y": 255,
            "hp": 241,
            "gold": 580,
            "exp": 41
        },
        {
            "x": 878,
            "y": 273,
            "hp": 190,
            "gold": 217,
            "exp": 47
        },
        {
            "x": 865,
            "y": 260,
            "hp": 331,
            "gold": 825,
            "exp": 142
        },
        {
            "x": 870,
            "y": 267,
            "hp": 322,
            "gold": 1414,
            "exp": 48
        },
        {
            "x": 884,
            "y": 246,
            "hp": 274,
            "gold": 1024,
            "exp": 18
        },
        {
            "x": 733,
            "y": 156,
            "hp": 786,
            "gold": 1672,
            "exp": 74
        },
        {
            "x": 711,
            "y": 153,
            "hp": 451,
            "gold": 681,
            "exp": 81
        },
        {
            "x": 703,
            "y": 129,
            "hp": 402,
            "gold": 1508,
            "exp": 46
        },
        {
            "x": 697,
            "y": 159,
            "hp": 285,
            "gold": 173,
            "exp": 49
        },
        {
            "x": 731,
            "y": 159,
            "hp": 267,
            "gold": 1130,
            "exp": 52
        },
        {
            "x": 724,
            "y": 142,
            "hp": 282,
            "gold": 818,
            "exp": 27
        },
        {
            "x": 722,
            "y": 144,
            "hp": 434,
            "gold": 288,
            "exp": 126
        },
        {
            "x": 697,
            "y": 157,
            "hp": 462,
            "gold": 1790,
            "exp": 262
        },
        {
            "x": 702,
            "y": 162,
            "hp": 415,
            "gold": 483,
            "exp": 29
        },
        {
            "x": 736,
            "y": 151,
            "hp": 372,
            "gold": 1865,
            "exp": 105
        },
        {
            "x": 704,
            "y": 158,
            "hp": 120,
            "gold": 292,
            "exp": 67
        },
        {
            "x": 585,
            "y": 879,
            "hp": 617,
            "gold": 1571,
            "exp": 97
        },
        {
            "x": 595,
            "y": 891,
            "hp": 396,
            "gold": 768,
            "exp": 72
        },
        {
            "x": 584,
            "y": 879,
            "hp": 210,
            "gold": 205,
            "exp": 72
        },
        {
            "x": 584,
            "y": 879,
            "hp": 411,
            "gold": 1861,
            "exp": 104
        },
        {
            "x": 612,
            "y": 909,
            "hp": 255,
            "gold": 219,
            "exp": 110
        },
        {
            "x": 574,
            "y": 896,
            "hp": 344,
            "gold": 298,
            "exp": 222
        },
        {
            "x": 608,
            "y": 886,
            "hp": 180,
            "gold": 208,
            "exp": 74
        },
        {
            "x": 611,
            "y": 907,
            "hp": 228,
            "gold": 322,
            "exp": 39
        },
        {
            "x": 605,
            "y": 914,
            "hp": 361,
            "gold": 603,
            "exp": 113
        },
        {
            "x": 618,
            "y": 355,
            "hp": 741,
            "gold": 800,
            "exp": 37
        },
        {
            "x": 632,
            "y": 356,
            "hp": 486,
            "gold": 403,
            "exp": 68
        },
        {
            "x": 611,
            "y": 324,
            "hp": 473,
            "gold": 959,
            "exp": 38
        },
        {
            "x": 650,
            "y": 345,
            "hp": 451,
            "gold": 3414,
            "exp": 50
        },
        {
            "x": 629,
            "y": 335,
            "hp": 237,
            "gold": 1177,
            "exp": 24
        },
        {
            "x": 615,
            "y": 332,
            "hp": 284,
            "gold": 1333,
            "exp": 102
        },
        {
            "x": 619,
            "y": 359,
            "hp": 251,
            "gold": 760,
            "exp": 84
        },
        {
            "x": 612,
            "y": 343,
            "hp": 257,
            "gold": 1422,
            "exp": 116
        },
        {
            "x": 612,
            "y": 342,
            "hp": 215,
            "gold": 823,
            "exp": 103
        },
        {
            "x": 637,
            "y": 348,
            "hp": 124,
            "gold": 191,
            "exp": 50
        },
        {
            "x": 635,
            "y": 323,
            "hp": 141,
            "gold": 436,
            "exp": 18
        },
        {
            "x": 152,
            "y": 718,
            "hp": 819,
            "gold": 773,
            "exp": 364
        },
        {
            "x": 145,
            "y": 733,
            "hp": 319,
            "gold": 331,
            "exp": 65
        },
        {
            "x": 156,
            "y": 735,
            "hp": 173,
            "gold": 164,
            "exp": 133
        },
        {
            "x": 152,
            "y": 738,
            "hp": 462,
            "gold": 631,
            "exp": 240
        },
        {
            "x": 165,
            "y": 731,
            "hp": 430,
            "gold": 1559,
            "exp": 73
        },
        {
            "x": 165,
            "y": 723,
            "hp": 233,
            "gold": 424,
            "exp": 73
        },
        {
            "x": 919,
            "y": 141,
            "hp": 894,
            "gold": 646,
            "exp": 77
        },
        {
            "x": 912,
            "y": 168,
            "hp": 257,
            "gold": 1391,
            "exp": 191
        },
        {
            "x": 912,
            "y": 159,
            "hp": 338,
            "gold": 579,
            "exp": 144
        },
        {
            "x": 911,
            "y": 169,
            "hp": 215,
            "gold": 458,
            "exp": 60
        },
        {
            "x": 915,
            "y": 162,
            "hp": 320,
            "gold": 569,
            "exp": 194
        },
        {
            "x": 948,
            "y": 162,
            "hp": 353,
            "gold": 826,
            "exp": 38
        },
        {
            "x": 944,
            "y": 168,
            "hp": 354,
            "gold": 507,
            "exp": 29
        },
        {
            "x": 935,
            "y": 169,
            "hp": 349,
            "gold": 1212,
            "exp": 37
        },
        {
            "x": 402,
            "y": 670,
            "hp": 940,
            "gold": 8061,
            "exp": 79
        },
        {
            "x": 372,
            "y": 658,
            "hp": 434,
            "gold": 366,
            "exp": 264
        },
        {
            "x": 407,
            "y": 668,
            "hp": 228,
            "gold": 741,
            "exp": 27
        },
        {
            "x": 405,
            "y": 674,
            "hp": 281,
            "gold": 1615,
            "exp": 177
        },
        {
            "x": 393,
            "y": 673,
            "hp": 445,
            "gold": 1193,
            "exp": 99
        },
        {
            "x": 400,
            "y": 654,
            "hp": 346,
            "gold": 629,
            "exp": 112
        },
        {
            "x": 392,
            "y": 671,
            "hp": 485,
            "gold": 1590,
            "exp": 38
        },
        {
            "x": 379,
            "y": 678,
            "hp": 331,
            "gold": 933,
            "exp": 23
        },
        {
            "x": 387,
            "y": 674,
            "hp": 164,
            "gold": 349,
            "exp": 45
        },
        {
            "x": 688,
            "y": 838,
            "hp": 928,
            "gold": 1412,
            "exp": 162
        },
        {
            "x": 669,
            "y": 832,
            "hp": 235,
            "gold": 876,
            "exp": 32
        },
        {
            "x": 678,
            "y": 839,
            "hp": 210,
            "gold": 1145,
            "exp": 41
        },
        {
            "x": 664,
            "y": 847,
            "hp": 191,
            "gold": 178,
            "exp": 87
        },
        {
            "x": 670,
            "y": 864,
            "hp": 377,
            "gold": 329,
            "exp": 88
        },
        {
            "x": 682,
            "y": 832,
            "hp": 299,
            "gold": 1624,
            "exp": 63
        },
        {
            "x": 676,
            "y": 852,
            "hp": 419,
            "gold": 381,
            "exp": 65
        },
        {
            "x": 665,
            "y": 846,
            "hp": 240,
            "gold": 626,
            "exp": 44
        },
        {
            "x": 671,
            "y": 854,
            "hp": 212,
            "gold": 182,
            "exp": 122
        },
        {
            "x": 660,
            "y": 862,
            "hp": 292,
            "gold": 745,
            "exp": 67
        },
        {
            "x": 847,
            "y": 182,
            "hp": 745,
            "gold": 5868,
            "exp": 382
        },
        {
            "x": 848,
            "y": 168,
            "hp": 413,
            "gold": 1459,
            "exp": 37
        },
        {
            "x": 828,
            "y": 174,
            "hp": 109,
            "gold": 124,
            "exp": 19
        },
        {
            "x": 843,
            "y": 193,
            "hp": 384,
            "gold": 330,
            "exp": 202
        },
        {
            "x": 820,
            "y": 171,
            "hp": 467,
            "gold": 364,
            "exp": 50
        },
        {
            "x": 840,
            "y": 206,
            "hp": 311,
            "gold": 540,
            "exp": 82
        },
        {
            "x": 750,
            "y": 951,
            "hp": 672,
            "gold": 1437,
            "exp": 286
        },
        {
            "x": 726,
            "y": 944,
            "hp": 499,
            "gold": 780,
            "exp": 42
        },
        {
            "x": 740,
            "y": 966,
            "hp": 329,
            "gold": 534,
            "exp": 50
        },
        {
            "x": 719,
            "y": 958,
            "hp": 185,
            "gold": 169,
            "exp": 22
        },
        {
            "x": 749,
            "y": 956,
            "hp": 138,
            "gold": 437,
            "exp": 85
        },
        {
            "x": 728,
            "y": 939,
            "hp": 238,
            "gold": 332,
            "exp": 48
        },
        {
            "x": 727,
            "y": 940,
            "hp": 278,
            "gold": 2143,
            "exp": 183
        },
        {
            "x": 328,
            "y": 199,
            "hp": 786,
            "gold": 1617,
            "exp": 44
        },
        {
            "x": 300,
            "y": 238,
            "hp": 310,
            "gold": 320,
            "exp": 53
        },
        {
            "x": 309,
            "y": 218,
            "hp": 355,
            "gold": 2221,
            "exp": 92
        },
        {
            "x": 297,
            "y": 205,
            "hp": 107,
            "gold": 202,
            "exp": 68
        },
        {
            "x": 314,
            "y": 223,
            "hp": 424,
            "gold": 1193,
            "exp": 206
        },
        {
            "x": 306,
            "y": 236,
            "hp": 396,
            "gold": 958,
            "exp": 111
        },
        {
            "x": 312,
            "y": 207,
            "hp": 378,
            "gold": 1235,
            "exp": 185
        },
        {
            "x": 299,
            "y": 232,
            "hp": 254,
            "gold": 1046,
            "exp": 94
        },
        {
            "x": 332,
            "y": 200,
            "hp": 158,
            "gold": 404,
            "exp": 86
        },
        {
            "x": 1000,
            "y": 44,
            "hp": 935,
            "gold": 1758,
            "exp": 525
        },
        {
            "x": 982,
            "y": 41,
            "hp": 179,
            "gold": 589,
            "exp": 19
        },
        {
            "x": 993,
            "y": 23,
            "hp": 154,
            "gold": 551,
            "exp": 34
        },
        {
            "x": 972,
            "y": 50,
            "hp": 284,
            "gold": 583,
            "exp": 181
        },
        {
            "x": 984,
            "y": 33,
            "hp": 458,
            "gold": 708,
            "exp": 30
        },
        {
            "x": 984,
            "y": 33,
            "hp": 296,
            "gold": 1221,
            "exp": 26
        },
        {
            "x": 987,
            "y": 52,
            "hp": 371,
            "gold": 1910,
            "exp": 70
        },
        {
            "x": 973,
            "y": 33,
            "hp": 128,
            "gold": 346,
            "exp": 32
        },
        {
            "x": 984,
            "y": 33,
            "hp": 498,
            "gold": 1991,
            "exp": 126
        },
        {
            "x": 1000,
            "y": 21,
            "hp": 128,
            "gold": 117,
            "exp": 42
        },
        {
            "x": 1000,
            "y": 50,
            "hp": 491,
            "gold": 502,
            "exp": 119
        },
        {
            "x": 554,
            "y": 422,
            "hp": 927,
            "gold": 7110,
            "exp": 68
        },
        {
            "x": 568,
            "y": 427,
            "hp": 334,
            "gold": 2164,
            "exp": 41
        },
        {
            "x": 539,
            "y": 418,
            "hp": 121,
            "gold": 371,
            "exp": 32
        },
        {
            "x": 554,
            "y": 441,
            "hp": 316,
            "gold": 784,
            "exp": 21
        },
        {
            "x": 554,
            "y": 421,
            "hp": 279,
            "gold": 409,
            "exp": 102
        },
        {
            "x": 569,
            "y": 436,
            "hp": 178,
            "gold": 417,
            "exp": 85
        },
        {
            "x": 553,
            "y": 408,
            "hp": 302,
            "gold": 284,
            "exp": 63
        },
        {
            "x": 546,
            "y": 439,
            "hp": 220,
            "gold": 478,
            "exp": 17
        },
        {
            "x": 573,
            "y": 406,
            "hp": 362,
            "gold": 325,
            "exp": 200
        },
        {
            "x": 554,
            "y": 412,
            "hp": 374,
            "gold": 858,
            "exp": 98
        },
        {
            "x": 571,
            "y": 423,
            "hp": 180,
            "gold": 642,
            "exp": 100
        },
        {
            "x": 97,
            "y": 979,
            "hp": 866,
            "gold": 6128,
            "exp": 501
        },
        {
            "x": 89,
            "y": 964,
            "hp": 187,
            "gold": 197,
            "exp": 123
        },
        {
            "x": 87,
            "y": 981,
            "hp": 195,
            "gold": 679,
            "exp": 94
        },
        {
            "x": 103,
            "y": 951,
            "hp": 171,
            "gold": 957,
            "exp": 81
        },
        {
            "x": 92,
            "y": 971,
            "hp": 421,
            "gold": 720,
            "exp": 109
        },
        {
            "x": 107,
            "y": 966,
            "hp": 125,
            "gold": 320,
            "exp": 19
        },
        {
            "x": 87,
            "y": 951,
            "hp": 130,
            "gold": 361,
            "exp": 39
        },
        {
            "x": 98,
            "y": 954,
            "hp": 381,
            "gold": 1903,
            "exp": 55
        },
        {
            "x": 1000,
            "y": 566,
            "hp": 662,
            "gold": 1479,
            "exp": 165
        },
        {
            "x": 989,
            "y": 560,
            "hp": 174,
            "gold": 180,
            "exp": 67
        },
        {
            "x": 982,
            "y": 589,
            "hp": 447,
            "gold": 628,
            "exp": 211
        },
        {
            "x": 984,
            "y": 573,
            "hp": 317,
            "gold": 240,
            "exp": 63
        },
        {
            "x": 1000,
            "y": 563,
            "hp": 169,
            "gold": 283,
            "exp": 59
        },
        {
            "x": 995,
            "y": 575,
            "hp": 148,
            "gold": 358,
            "exp": 57
        },
        {
            "x": 997,
            "y": 571,
            "hp": 225,
            "gold": 232,
            "exp": 54
        },
        {
            "x": 992,
            "y": 558,
            "hp": 465,
            "gold": 342,
            "exp": 26
        },
        {
            "x": 475,
            "y": 569,
            "hp": 825,
            "gold": 1794,
            "exp": 50
        },
        {
            "x": 472,
            "y": 566,
            "hp": 122,
            "gold": 323,
            "exp": 26
        },
        {
            "x": 473,
            "y": 580,
            "hp": 295,
            "gold": 501,
            "exp": 101
        },
        {
            "x": 439,
            "y": 596,
            "hp": 180,
            "gold": 120,
            "exp": 41
        },
        {
            "x": 456,
            "y": 586,
            "hp": 108,
            "gold": 273,
            "exp": 10
        },
        {
            "x": 455,
            "y": 590,
            "hp": 478,
            "gold": 763,
            "exp": 150
        },
        {
            "x": 443,
            "y": 580,
            "hp": 123,
            "gold": 432,
            "exp": 14
        },
        {
            "x": 24,
            "y": 429,
            "hp": 784,
            "gold": 885,
            "exp": 38
        },
        {
            "x": 42,
            "y": 420,
            "hp": 216,
            "gold": 515,
            "exp": 32
        },
        {
            "x": 57,
            "y": 441,
            "hp": 410,
            "gold": 1686,
            "exp": 50
        },
        {
            "x": 20,
            "y": 423,
            "hp": 164,
            "gold": 113,
            "exp": 56
        },
        {
            "x": 28,
            "y": 446,
            "hp": 431,
            "gold": 501,
            "exp": 53
        },
        {
            "x": 25,
            "y": 434,
            "hp": 349,
            "gold": 239,
            "exp": 25
        },
        {
            "x": 41,
            "y": 446,
            "hp": 438,
            "gold": 853,
            "exp": 86
        },
        {
            "x": 491,
            "y": 338,
            "hp": 765,
            "gold": 1693,
            "exp": 69
        },
        {
            "x": 510,
            "y": 329,
            "hp": 129,
            "gold": 329,
            "exp": 55
        },
        {
            "x": 521,
            "y": 342,
            "hp": 401,
            "gold": 837,
            "exp": 79
        },
        {
            "x": 502,
            "y": 329,
            "hp": 260,
            "gold": 469,
            "exp": 59
        },
        {
            "x": 520,
            "y": 317,
            "hp": 189,
            "gold": 721,
            "exp": 94
        },
        {
            "x": 514,
            "y": 317,
            "hp": 321,
            "gold": 845,
            "exp": 102
        },
        {
            "x": 486,
            "y": 310,
            "hp": 268,
            "gold": 704,
            "exp": 28
        },
        {
            "x": 490,
            "y": 336,
            "hp": 288,
            "gold": 1982,
            "exp": 62
        },
        {
            "x": 503,
            "y": 313,
            "hp": 156,
            "gold": 214,
            "exp": 73
        },
        {
            "x": 520,
            "y": 342,
            "hp": 146,
            "gold": 247,
            "exp": 17
        },
        {
            "x": 975,
            "y": 886,
            "hp": 816,
            "gold": 700,
            "exp": 132
        },
        {
            "x": 1000,
            "y": 884,
            "hp": 292,
            "gold": 282,
            "exp": 75
        },
        {
            "x": 1000,
            "y": 857,
            "hp": 290,
            "gold": 317,
            "exp": 58
        },
        {
            "x": 976,
            "y": 852,
            "hp": 199,
            "gold": 466,
            "exp": 147
        },
        {
            "x": 998,
            "y": 890,
            "hp": 166,
            "gold": 370,
            "exp": 114
        },
        {
            "x": 988,
            "y": 866,
            "hp": 273,
            "gold": 340,
            "exp": 94
        },
        {
            "x": 1000,
            "y": 864,
            "hp": 200,
            "gold": 196,
            "exp": 27
        },
        {
            "x": 997,
            "y": 864,
            "hp": 115,
            "gold": 248,
            "exp": 83
        },
        {
            "x": 424,
            "y": 457,
            "hp": 755,
            "gold": 727,
            "exp": 101
        },
        {
            "x": 446,
            "y": 442,
            "hp": 355,
            "gold": 2040,
            "exp": 194
        },
        {
            "x": 446,
            "y": 441,
            "hp": 101,
            "gold": 293,
            "exp": 29
        },
        {
            "x": 441,
            "y": 474,
            "hp": 313,
            "gold": 1804,
            "exp": 68
        },
        {
            "x": 433,
            "y": 459,
            "hp": 228,
            "gold": 539,
            "exp": 34
        },
        {
            "x": 443,
            "y": 473,
            "hp": 338,
            "gold": 713,
            "exp": 51
        },
        {
            "x": 451,
            "y": 450,
            "hp": 482,
            "gold": 434,
            "exp": 87
        },
        {
            "x": 413,
            "y": 458,
            "hp": 104,
            "gold": 199,
            "exp": 21
        },
        {
            "x": 435,
            "y": 471,
            "hp": 293,
            "gold": 400,
            "exp": 84
        },
        {
            "x": 434,
            "y": 469,
            "hp": 314,
            "gold": 1794,
            "exp": 45
        },
        {
            "x": 446,
            "y": 467,
            "hp": 245,
            "gold": 793,
            "exp": 84
        },
        {
            "x": 287,
            "y": 588,
            "hp": 792,
            "gold": 2822,
            "exp": 133
        },
        {
            "x": 283,
            "y": 587,
            "hp": 335,
            "gold": 1746,
            "exp": 124
        },
        {
            "x": 280,
            "y": 577,
            "hp": 477,
            "gold": 1845,
            "exp": 99
        },
        {
            "x": 290,
            "y": 580,
            "hp": 133,
            "gold": 681,
            "exp": 115
        },
        {
            "x": 274,
            "y": 573,
            "hp": 493,
            "gold": 4261,
            "exp": 65
        },
        {
            "x": 286,
            "y": 592,
            "hp": 163,
            "gold": 710,
            "exp": 100
        },
        {
            "x": 279,
            "y": 589,
            "hp": 487,
            "gold": 583,
            "exp": 33
        },
        {
            "x": 279,
            "y": 603,
            "hp": 301,
            "gold": 1420,
            "exp": 43
        },
        {
            "x": 310,
            "y": 579,
            "hp": 419,
            "gold": 3033,
            "exp": 185
        },
        {
            "x": 276,
            "y": 589,
            "hp": 122,
            "gold": 574,
            "exp": 92
        },
        {
            "x": 433,
            "y": 66,
            "hp": 643,
            "gold": 2423,
            "exp": 199
        },
        {
            "x": 397,
            "y": 86,
            "hp": 459,
            "gold": 630,
            "exp": 119
        },
        {
            "x": 408,
            "y": 78,
            "hp": 190,
            "gold": 609,
            "exp": 25
        },
        {
            "x": 427,
            "y": 76,
            "hp": 427,
            "gold": 2924,
            "exp": 61
        },
        {
            "x": 420,
            "y": 88,
            "hp": 379,
            "gold": 1296,
            "exp": 116
        },
        {
            "x": 405,
            "y": 68,
            "hp": 302,
            "gold": 1872,
            "exp": 65
        },
        {
            "x": 397,
            "y": 79,
            "hp": 194,
            "gold": 410,
            "exp": 74
        },
        {
            "x": 429,
            "y": 70,
            "hp": 309,
            "gold": 400,
            "exp": 243
        },
        {
            "x": 868,
            "y": 865,
            "hp": 658,
            "gold": 2216,
            "exp": 75
        },
        {
            "x": 893,
            "y": 878,
            "hp": 172,
            "gold": 433,
            "exp": 90
        },
        {
            "x": 871,
            "y": 880,
            "hp": 343,
            "gold": 284,
            "exp": 87
        },
        {
            "x": 870,
            "y": 879,
            "hp": 403,
            "gold": 1101,
            "exp": 63
        },
        {
            "x": 864,
            "y": 892,
            "hp": 149,
            "gold": 163,
            "exp": 37
        },
        {
            "x": 871,
            "y": 864,
            "hp": 451,
            "gold": 2352,
            "exp": 251
        },
        {
            "x": 889,
            "y": 892,
            "hp": 230,
            "gold": 316,
            "exp": 107
        },
        {
            "x": 885,
            "y": 895,
            "hp": 383,
            "gold": 318,
            "exp": 54
        },
        {
            "x": 781,
            "y": 735,
            "hp": 749,
            "gold": 1390,
            "exp": 128
        },
        {
            "x": 806,
            "y": 712,
            "hp": 230,
            "gold": 605,
            "exp": 32
        },
        {
            "x": 773,
            "y": 722,
            "hp": 185,
            "gold": 980,
            "exp": 41
        },
        {
            "x": 794,
            "y": 734,
            "hp": 309,
            "gold": 285,
            "exp": 46
        },
        {
            "x": 801,
            "y": 719,
            "hp": 228,
            "gold": 356,
            "exp": 168
        },
        {
            "x": 783,
            "y": 723,
            "hp": 442,
            "gold": 3174,
            "exp": 266
        },
        {
            "x": 783,
            "y": 716,
            "hp": 370,
            "gold": 1863,
            "exp": 43
        },
        {
            "x": 105,
            "y": 497,
            "hp": 578,
            "gold": 2558,
            "exp": 65
        },
        {
            "x": 96,
            "y": 504,
            "hp": 366,
            "gold": 556,
            "exp": 85
        },
        {
            "x": 96,
            "y": 504,
            "hp": 272,
            "gold": 297,
            "exp": 107
        },
        {
            "x": 107,
            "y": 517,
            "hp": 239,
            "gold": 721,
            "exp": 92
        },
        {
            "x": 126,
            "y": 504,
            "hp": 237,
            "gold": 585,
            "exp": 83
        },
        {
            "x": 101,
            "y": 514,
            "hp": 300,
            "gold": 1263,
            "exp": 68
        },
        {
            "x": 132,
            "y": 533,
            "hp": 427,
            "gold": 1687,
            "exp": 38
        },
        {
            "x": 112,
            "y": 528,
            "hp": 369,
            "gold": 246,
            "exp": 176
        },
        {
            "x": 113,
            "y": 504,
            "hp": 304,
            "gold": 787,
            "exp": 139
        },
        {
            "x": 124,
            "y": 503,
            "hp": 343,
            "gold": 626,
            "exp": 45
        },
        {
            "x": 34,
            "y": 291,
            "hp": 885,
            "gold": 7520,
            "exp": 488
        },
        {
            "x": 27,
            "y": 324,
            "hp": 230,
            "gold": 742,
            "exp": 107
        },
        {
            "x": 19,
            "y": 304,
            "hp": 162,
            "gold": 880,
            "exp": 57
        },
        {
            "x": 42,
            "y": 294,
            "hp": 192,
            "gold": 560,
            "exp": 151
        },
        {
            "x": 43,
            "y": 313,
            "hp": 117,
            "gold": 217,
            "exp": 31
        },
        {
            "x": 23,
            "y": 285,
            "hp": 340,
            "gold": 1549,
            "exp": 129
        },
        {
            "x": 924,
            "y": 467,
            "hp": 705,
            "gold": 1117,
            "exp": 106
        },
        {
            "x": 935,
            "y": 480,
            "hp": 446,
            "gold": 2122,
            "exp": 35
        },
        {
            "x": 957,
            "y": 484,
            "hp": 459,
            "gold": 547,
            "exp": 209
        },
        {
            "x": 957,
            "y": 452,
            "hp": 362,
            "gold": 627,
            "exp": 119
        },
        {
            "x": 938,
            "y": 451,
            "hp": 451,
            "gold": 2388,
            "exp": 147
        },
        {
            "x": 937,
            "y": 485,
            "hp": 128,
            "gold": 276,
            "exp": 68
        },
        {
            "x": 948,
            "y": 455,
            "hp": 473,
            "gold": 4234,
            "exp": 51
        },
        {
            "x": 925,
            "y": 476,
            "hp": 407,
            "gold": 709,
            "exp": 35
        },
        {
            "x": 946,
            "y": 486,
            "hp": 427,
            "gold": 1134,
            "exp": 218
        },
        {
            "x": 244,
            "y": 839,
            "hp": 625,
            "gold": 635,
            "exp": 70
        },
        {
            "x": 254,
            "y": 864,
            "hp": 400,
            "gold": 325,
            "exp": 168
        },
        {
            "x": 249,
            "y": 856,
            "hp": 237,
            "gold": 461,
            "exp": 157
        },
        {
            "x": 257,
            "y": 847,
            "hp": 295,
            "gold": 520,
            "exp": 142
        },
        {
            "x": 258,
            "y": 852,
            "hp": 219,
            "gold": 304,
            "exp": 107
        },
        {
            "x": 261,
            "y": 872,
            "hp": 349,
            "gold": 617,
            "exp": 157
        },
        {
            "x": 237,
            "y": 855,
            "hp": 334,
            "gold": 765,
            "exp": 184
        },
        {
            "x": 253,
            "y": 870,
            "hp": 309,
            "gold": 1340,
            "exp": 86
        },
        {
            "x": 180,
            "y": 914,
            "hp": 586,
            "gold": 388,
            "exp": 203
        },
        {
            "x": 169,
            "y": 938,
            "hp": 280,
            "gold": 577,
            "exp": 42
        },
        {
            "x": 167,
            "y": 922,
            "hp": 119,
            "gold": 248,
            "exp": 22
        },
        {
            "x": 193,
            "y": 900,
            "hp": 207,
            "gold": 819,
            "exp": 45
        },
        {
            "x": 154,
            "y": 916,
            "hp": 451,
            "gold": 636,
            "exp": 99
        },
        {
            "x": 193,
            "y": 920,
            "hp": 455,
            "gold": 2143,
            "exp": 32
        },
        {
            "x": 159,
            "y": 914,
            "hp": 354,
            "gold": 887,
            "exp": 48
        },
        {
            "x": 180,
            "y": 916,
            "hp": 191,
            "gold": 532,
            "exp": 104
        },
        {
            "x": 7,
            "y": 932,
            "hp": 683,
            "gold": 706,
            "exp": 129
        },
        {
            "x": 0,
            "y": 907,
            "hp": 333,
            "gold": 1525,
            "exp": 42
        },
        {
            "x": 9,
            "y": 907,
            "hp": 236,
            "gold": 1224,
            "exp": 18
        },
        {
            "x": 0,
            "y": 933,
            "hp": 130,
            "gold": 246,
            "exp": 22
        },
        {
            "x": 17,
            "y": 912,
            "hp": 307,
            "gold": 1082,
            "exp": 22
        },
        {
            "x": 6,
            "y": 911,
            "hp": 339,
            "gold": 386,
            "exp": 121
        },
        {
            "x": 282,
            "y": 380,
            "hp": 559,
            "gold": 514,
            "exp": 103
        },
        {
            "x": 283,
            "y": 406,
            "hp": 162,
            "gold": 332,
            "exp": 93
        },
        {
            "x": 303,
            "y": 382,
            "hp": 319,
            "gold": 1491,
            "exp": 70
        },
        {
            "x": 278,
            "y": 384,
            "hp": 439,
            "gold": 408,
            "exp": 61
        },
        {
            "x": 275,
            "y": 390,
            "hp": 330,
            "gold": 266,
            "exp": 106
        },
        {
            "x": 303,
            "y": 399,
            "hp": 176,
            "gold": 572,
            "exp": 48
        },
        {
            "x": 311,
            "y": 405,
            "hp": 385,
            "gold": 1028,
            "exp": 91
        },
        {
            "x": 299,
            "y": 385,
            "hp": 149,
            "gold": 221,
            "exp": 39
        },
        {
            "x": 310,
            "y": 392,
            "hp": 112,
            "gold": 477,
            "exp": 46
        },
        {
            "x": 311,
            "y": 407,
            "hp": 497,
            "gold": 1742,
            "exp": 55
        },
        {
            "x": 308,
            "y": 411,
            "hp": 112,
            "gold": 121,
            "exp": 59
        },
        {
            "x": 481,
            "y": 713,
            "hp": 895,
            "gold": 5459,
            "exp": 498
        },
        {
            "x": 483,
            "y": 707,
            "hp": 378,
            "gold": 1040,
            "exp": 217
        },
        {
            "x": 501,
            "y": 729,
            "hp": 472,
            "gold": 550,
            "exp": 104
        },
        {
            "x": 508,
            "y": 696,
            "hp": 403,
            "gold": 1311,
            "exp": 28
        },
        {
            "x": 495,
            "y": 712,
            "hp": 147,
            "gold": 449,
            "exp": 18
        },
        {
            "x": 506,
            "y": 730,
            "hp": 419,
            "gold": 2760,
            "exp": 103
        },
        {
            "x": 507,
            "y": 726,
            "hp": 272,
            "gold": 647,
            "exp": 93
        },
        {
            "x": 494,
            "y": 721,
            "hp": 466,
            "gold": 557,
            "exp": 115
        },
        {
            "x": 520,
            "y": 723,
            "hp": 193,
            "gold": 141,
            "exp": 36
        },
        {
            "x": 514,
            "y": 693,
            "hp": 366,
            "gold": 1686,
            "exp": 40
        },
        {
            "x": 505,
            "y": 692,
            "hp": 373,
            "gold": 483,
            "exp": 27
        }
    ]
}