{
    "hero": {
        "base_speed": 16,
        "base_power": 70,
        "base_range": 20,
        "level_speed_coeff": 4,
        "level_power_coeff": 12,
        "level_range_coeff": 5
    },
    "start_x": 50,
    "start_y": 1073,
    "width": 1123,
    "height": 1123,
    "num_turns": 500,
    "monsters": [
        {
            "x": 309,
            "y": 322,
            "hp": 628,
            "gold": 33,
            "exp": 150
        },
        {
            "x": 300,
            "y": 313,
            "hp": 674,
            "gold": 32,
            "exp": 163
        },
        {
            "x": 307,
            "y": 322,
            "hp": 655,
            "gold": 34,
            "exp": 157
        },
        {
            "x": 340,
            "y": 121,
            "hp": 465,
            "gold": 27,
            "exp": 123
        },
        {
            "x": 323,
            "y": 148,
            "hp": 495,
            "gold": 25,
            "exp": 126
        },
        {
            "x": 333,
            "y": 128,
            "hp": 499,
            "gold": 25,
            "exp": 130
        },
        {
            "x": 352,
            "y": 489,
            "hp": 632,
            "gold": 31,
            "exp": 161
        },
        {
            "x": 370,
            "y": 511,
            "hp": 632,
            "gold": 32,
            "exp": 157
        },
        {
            "x": 366,
            "y": 495,
            "hp": 589,
            "gold": 32,
            "exp": 149
        },
        {
            "x": 355,
            "y": 270,
            "hp": 407,
            "gold": 20,
            "exp": 89
        },
        {
            "x": 376,
            "y": 293,
            "hp": 416,
            "gold": 19,
            "exp": 89
        },
        {
            "x": 365,
            "y": 291,
            "hp": 416,
            "gold": 19,
            "exp": 86
        },
        {
            "x": 368,
            "y": 62,
            "hp": 454,
            "gold": 19,
            "exp": 94
        },
        {
            "x": 376,
            "y": 80,
            "hp": 472,
            "gold": 19,
            "exp": 93
        },
        {
            "x": 357,
            "y": 66,
            "hp": 436,
            "gold": 20,
            "exp": 89
        },
        {
            "x": 432,
            "y": 364,
            "hp": 678,
            "gold": 25,
            "exp": 128
        },
        {
            "x": 422,
            "y": 354,
            "hp": 742,
            "gold": 26,
            "exp": 124
        },
        {
            "x": 436,
            "y": 373,
            "hp": 742,
            "gold": 26,
            "exp": 133
        },
        {
            "x": 456,
            "y": 807,
            "hp": 606,
            "gold": 33,
            "exp": 164
        },
        {
            "x": 457,
            "y": 811,
            "hp": 593,
            "gold": 34,
            "exp": 150
        },
        {
            "x": 454,
            "y": 822,
            "hp": 600,
            "gold": 32,
            "exp": 149
        },
        {
            "x": 444,
            "y": 1062,
            "hp": 666,
            "gold": 35,
            "exp": 149
        },
        {
            "x": 445,
            "y": 1044,
            "hp": 679,
            "gold": 33,
            "exp": 149
        },
        {
            "x": 436,
            "y": 1045,
            "hp": 672,
            "gold": 31,
            "exp": 157
        },
        {
            "x": 472,
            "y": 100,
            "hp": 671,
            "gold": 33,
            "exp": 158
        },
        {
            "x": 495,
            "y": 82,
            "hp": 619,
            "gold": 32,
            "exp": 150
        },
        {
            "x": 481,
            "y": 82,
            "hp": 665,
            "gold": 33,
            "exp": 160
        },
        {
            "x": 501,
            "y": 236,
            "hp": 597,
            "gold": 32,
            "exp": 164
        },
        {
            "x": 484,
            "y": 243,
            "hp": 660,
            "gold": 33,
            "exp": 155
        },
        {
            "x": 482,
            "y": 246,
            "hp": 629,
            "gold": 35,
            "exp": 164
        },
        {
            "x": 557,
            "y": 993,
            "hp": 634,
            "gold": 28,
            "exp": 124
        },
        {
            "x": 547,
            "y": 1007,
            "hp": 622,
            "gold": 26,
            "exp": 131
        },
        {
            "x": 576,
            "y": 1007,
            "hp": 586,
            "gold": 25,
            "exp": 132
        },
        {
            "x": 560,
            "y": 690,
            "hp": 578,
            "gold": 31,
            "exp": 157
        },
        {
            "x": 562,
            "y": 694,
            "hp": 590,
            "gold": 33,
            "exp": 163
        },
        {
            "x": 562,
            "y": 715,
            "hp": 561,
            "gold": 31,
            "exp": 149
        },
        {
            "x": 597,
            "y": 400,
            "hp": 587,
            "gold": 32,
            "exp": 149
        },
        {
            "x": 593,
            "y": 386,
            "hp": 593,
            "gold": 31,
            "exp": 150
        },
        {
            "x": 572,
            "y": 401,
            "hp": 581,
            "gold": 32,
            "exp": 160
        },
        {
            "x": 597,
            "y": 143,
            "hp": 769,
            "gold": 27,
            "exp": 132
        },
        {
            "x": 608,
            "y": 120,
            "hp": 696,
            "gold": 27,
            "exp": 128
        },
        {
            "x": 609,
            "y": 124,
            "hp": 732,
            "gold": 25,
            "exp": 132
        },
        {
            "x": 581,
            "y": 787,
            "hp": 647,
            "gold": 27,
            "exp": 130
        },
        {
            "x": 589,
            "y": 783,
            "hp": 686,
            "gold": 28,
            "exp": 132
        },
        {
            "x": 591,
            "y": 769,
            "hp": 673,
            "gold": 27,
            "exp": 123
        },
        {
            "x": 635,
            "y": 301,
            "hp": 515,
            "gold": 26,
            "exp": 132
        },
        {
            "x": 631,
            "y": 329,
            "hp": 500,
            "gold": 28,
            "exp": 126
        },
        {
            "x": 656,
            "y": 305,
            "hp": 490,
            "gold": 26,
            "exp": 132
        },
        {
            "x": 666,
            "y": 1064,
            "hp": 575,
            "gold": 33,
            "exp": 163
        },
        {
            "x": 666,
            "y": 1055,
            "hp": 563,
            "gold": 32,
            "exp": 157
        },
        {
            "x": 688,
            "y": 1069,
            "hp": 569,
            "gold": 35,
            "exp": 149
        },
        {
            "x": 721,
            "y": 61,
            "hp": 595,
            "gold": 32,
            "exp": 153
        },
        {
            "x": 727,
            "y": 74,
            "hp": 595,
            "gold": 33,
            "exp": 150
        },
        {
            "x": 721,
            "y": 71,
            "hp": 632,
            "gold": 32,
            "exp": 157
        },
        {
            "x": 749,
            "y": 768,
            "hp": 549,
            "gold": 28,
            "exp": 128
        },
        {
            "x": 756,
            "y": 771,
            "hp": 566,
            "gold": 26,
            "exp": 128
        },
        {
            "x": 759,
            "y": 743,
            "hp": 544,
            "gold": 27,
            "exp": 131
        },
        {
            "x": 793,
            "y": 641,
            "hp": 655,
            "gold": 33,
            "exp": 158
        },
        {
            "x": 774,
            "y": 637,
            "hp": 681,
            "gold": 34,
            "exp": 152
        },
        {
            "x": 779,
            "y": 647,
            "hp": 662,
            "gold": 32,
            "exp": 157
        },
        {
            "x": 788,
            "y": 866,
            "hp": 408,
            "gold": 19,
            "exp": 87
        },
        {
            "x": 785,
            "y": 876,
            "hp": 425,
            "gold": 18,
            "exp": 90
        },
        {
            "x": 791,
            "y": 860,
            "hp": 429,
            "gold": 19,
            "exp": 90
        },
        {
            "x": 823,
            "y": 1065,
            "hp": 444,
            "gold": 18,
            "exp": 89
        },
        {
            "x": 828,
            "y": 1038,
            "hp": 440,
            "gold": 19,
            "exp": 89
        },
        {
            "x": 815,
            "y": 1064,
            "hp": 440,
            "gold": 20,
            "exp": 86
        },
        {
            "x": 860,
            "y": 975,
            "hp": 579,
            "gold": 28,
            "exp": 131
        },
        {
            "x": 869,
            "y": 998,
            "hp": 540,
            "gold": 27,
            "exp": 124
        },
        {
            "x": 859,
            "y": 998,
            "hp": 585,
            "gold": 26,
            "exp": 126
        },
        {
            "x": 855,
            "y": 788,
            "hp": 669,
            "gold": 32,
            "exp": 163
        },
        {
            "x": 860,
            "y": 785,
            "hp": 611,
            "gold": 33,
            "exp": 161
        },
        {
            "x": 869,
            "y": 809,
            "hp": 611,
            "gold": 33,
            "exp": 155
        },
        {
            "x": 84,
            "y": 504,
            "hp": 1152,
            "gold": 54,
            "exp": 317
        },
        {
            "x": 96,
            "y": 529,
            "hp": 1260,
            "gold": 52,
            "exp": 314
        },
        {
            "x": 72,
            "y": 514,
            "hp": 1188,
            "gold": 55,
            "exp": 298
        },
        {
            "x": 293,
            "y": 573,
            "hp": 1081,
            "gold": 57,
            "exp": 329
        },
        {
            "x": 272,
            "y": 579,
            "hp": 1092,
            "gold": 56,
            "exp": 323
        },
        {
            "x": 289,
            "y": 563,
            "hp": 1160,
            "gold": 52,
            "exp": 301
        },
        {
            "x": 819,
            "y": 557,
            "hp": 1310,
            "gold": 54,
            "exp": 320
        },
        {
            "x": 810,
            "y": 559,
            "hp": 1260,
            "gold": 52,
            "exp": 329
        },
        {
            "x": 824,
            "y": 579,
            "hp": 1197,
            "gold": 56,
            "exp": 320
        },
        {
            "x": 1058,
            "y": 629,
            "hp": 1232,
            "gold": 55,
            "exp": 314
        },
        {
            "x": 1048,
            "y": 646,
            "hp": 1295,
            "gold": 54,
            "exp": 320
        },
        {
            "x": 1066,
            "y": 632,
            "hp": 1244,
            "gold": 55,
            "exp": 304
        },
        {
            "x": 250,
            "y": 859,
            "hp": 550,
            "gold": 38,
            "exp": 228
        },
        {
            "x": 260,
            "y": 880,
            "hp": 550,
            "gold": 38,
            "exp": 228
        },
        {
            "x": 241,
            "y": 882,
            "hp": 550,
            "gold": 36,
            "exp": 228
        },
        {
            "x": 240,
            "y": 888,
            "hp": 300,
            "gold": 48,
            "exp": 276
        },
        {
            "x": 881,
            "y": 258,
            "hp": 550,
            "gold": 36,
            "exp": 228
        },
        {
            "x": 860,
            "y": 236,
            "hp": 550,
            "gold": 36,
            "exp": 228
        },
        {
            "x": 878,
            "y": 247,
            "hp": 550,
            "gold": 37,
            "exp": 228
        },
        {
            "x": 871,
            "y": 244,
            "hp": 300,
            "gold": 45,
            "exp": 276
        },
        {
            "x": 274,
            "y": 927,
            "hp": 550,
            "gold": 37,
            "exp": 228
        },
        {
            "x": 290,
            "y": 927,
            "hp": 550,
            "gold": 38,
            "exp": 228
        },
        {
            "x": 284,
            "y": 927,
            "hp": 550,
            "gold": 37,
            "exp": 228
        },
        {
            "x": 272,
            "y": 937,
            "hp": 300,
            "gold": 51,
            "exp": 276
        },
        {
            "x": 842,
            "y": 189,
            "hp": 550,
            "gold": 39,
            "exp": 228
        },
        {
            "x": 849,
            "y": 199,
            "hp": 550,
            "gold": 35,
            "exp": 228
        },
        {
            "x": 851,
            "y": 199,
            "hp": 550,
            "gold": 39,
            "exp": 228
        },
        {
            "x": 844,
            "y": 204,
            "hp": 300,
            "gold": 43,
            "exp": 276
        },
        {
            "x": 947,
            "y": 268,
            "hp": 550,
            "gold": 38,
            "exp": 228
        },
        {
            "x": 938,
            "y": 272,
            "hp": 550,
            "gold": 35,
            "exp": 228
        },
        {
            "x": 930,
            "y": 288,
            "hp": 550,
            "gold": 39,
            "exp": 228
        },
        {
            "x": 935,
            "y": 264,
            "hp": 300,
            "gold": 45,
            "exp": 276
        },
        {
            "x": 193,
            "y": 854,
            "hp": 550,
            "gold": 34,
            "exp": 228
        },
        {
            "x": 203,
            "y": 836,
            "hp": 550,
            "gold": 36,
            "exp": 228
        },
        {
            "x": 197,
            "y": 837,
            "hp": 550,
            "gold": 39,
            "exp": 228
        },
        {
            "x": 193,
            "y": 837,
            "hp": 300,
            "gold": 47,
            "exp": 276
        },
        {
            "x": 385,
            "y": 746,
            "hp": 550,
            "gold": 37,
            "exp": 228
        },
        {
            "x": 365,
            "y": 749,
            "hp": 550,
            "gold": 38,
            "exp": 228
        },
        {
            "x": 380,
            "y": 758,
            "hp": 550,
            "gold": 38,
            "exp": 228
        },
        {
            "x": 372,
            "y": 757,
            "hp": 300,
            "gold": 47,
            "exp": 276
        },
        {
            "x": 739,
            "y": 368,
            "hp": 550,
            "gold": 36,
            "exp": 228
        },
        {
            "x": 763,
            "y": 382,
            "hp": 550,
            "gold": 38,
            "exp": 228
        },
        {
            "x": 753,
            "y": 361,
            "hp": 550,
            "gold": 37,
            "exp": 228
        },
        {
            "x": 737,
            "y": 385,
            "hp": 300,
            "gold": 45,
            "exp": 276
        },
        {
            "x": 510,
            "y": 926,
            "hp": 550,
            "gold": 38,
            "exp": 228
        },
        {
            "x": 502,
            "y": 922,
            "hp": 550,
            "gold": 36,
            "exp": 228
        },
        {
            "x": 503,
            "y": 945,
            "hp": 550,
            "gold": 36,
            "exp": 228
        },
        {
            "x": 499,
            "y": 926,
            "hp": 300,
            "gold": 46,
            "exp": 276
        },
        {
            "x": 627,
            "y": 192,
            "hp": 550,
            "gold": 34,
            "exp": 228
        },
        {
            "x": 621,
            "y": 197,
            "hp": 550,
            "gold": 39,
            "exp": 228
        },
        {
            "x": 619,
            "y": 179,
            "hp": 550,
            "gold": 38,
            "exp": 228
        },
        {
            "x": 640,
            "y": 180,
            "hp": 300,
            "gold": 47,
            "exp": 276
        },
        {
            "x": 929,
            "y": 504,
            "hp": 550,
            "gold": 37,
            "exp": 228
        },
        {
            "x": 943,
            "y": 483,
            "hp": 550,
            "gold": 34,
            "exp": 228
        },
        {
            "x": 927,
            "y": 494,
            "hp": 550,
            "gold": 36,
            "exp": 228
        },
        {
            "x": 944,
            "y": 483,
            "hp": 300,
            "gold": 49,
            "exp": 276
        },
        {
            "x": 196,
            "y": 616,
            "hp": 550,
            "gold": 38,
            "exp": 228
        },
        {
            "x": 184,
            "y": 632,
            "hp": 550,
            "gold": 35,
            "exp": 228
        },
        {
            "x": 178,
            "y": 618,
            "hp": 550,
            "gold": 36,
            "exp": 228
        },
        {
            "x": 202,
            "y": 630,
            "hp": 300,
            "gold": 51,
            "exp": 276
        },
        {
            "x": 495,
            "y": 618,
            "hp": 550,
            "gold": 38,
            "exp": 228
        },
        {
            "x": 493,
            "y": 620,
            "hp": 550,
            "gold": 39,
            "exp": 228
        },
        {
            "x": 484,
            "y": 616,
            "hp": 550,
            "gold": 39,
            "exp": 228
        },
        {
            "x": 483,
            "y": 617,
            "hp": 300,
            "gold": 49,
            "exp": 276
        },
        {
            "x": 632,
            "y": 490,
            "hp": 550,
            "gold": 36,
            "exp": 228
        },
        {
            "x": 638,
            "y": 498,
            "hp": 550,
            "gold": 35,
            "exp": 228
        },
        {
            "x": 640,
            "y": 492,
            "hp": 550,
            "gold": 38,
            "exp": 228
        },
        {
            "x": 623,
            "y": 509,
            "hp": 300,
            "gold": 51,
            "exp": 276
        },
        {
            "x": 729,
            "y": 934,
            "hp": 550,
            "gold": 34,
            "exp": 228
        },
        {
            "x": 727,
            "y": 941,
            "hp": 550,
            "gold": 35,
            "exp": 228
        },
        {
            "x": 728,
            "y": 948,
            "hp": 550,
            "gold": 37,
            "exp": 228
        },
        {
            "x": 727,
            "y": 936,
            "hp": 300,
            "gold": 45,
            "exp": 276
        },
        {
            "x": 390,
            "y": 176,
            "hp": 550,
            "gold": 39,
            "exp": 228
        },
        {
            "x": 401,
            "y": 189,
            "hp": 550,
            "gold": 36,
            "exp": 228
        },
        {
            "x": 392,
            "y": 193,
            "hp": 550,
            "gold": 39,
            "exp": 228
        },
        {
            "x": 417,
            "y": 183,
            "hp": 300,
            "gold": 52,
            "exp": 276
        },
        {
            "x": 928,
            "y": 733,
            "hp": 550,
            "gold": 38,
            "exp": 228
        },
        {
            "x": 940,
            "y": 729,
            "hp": 550,
            "gold": 35,
            "exp": 228
        },
        {
            "x": 940,
            "y": 722,
            "hp": 550,
            "gold": 36,
            "exp": 228
        },
        {
            "x": 918,
            "y": 707,
            "hp": 300,
            "gold": 45,
            "exp": 276
        },
        {
            "x": 181,
            "y": 393,
            "hp": 550,
            "gold": 39,
            "exp": 228
        },
        {
            "x": 198,
            "y": 399,
            "hp": 550,
            "gold": 39,
            "exp": 228
        },
        {
            "x": 184,
            "y": 412,
            "hp": 550,
            "gold": 39,
            "exp": 228
        },
        {
            "x": 197,
            "y": 411,
            "hp": 300,
            "gold": 51,
            "exp": 276
        },
        {
            "x": 100,
            "y": 100,
            "hp": 10000,
            "gold": 926,
            "exp": 2000
        }
    ]
}