{
    "hero": {
        "base_speed": 32,
        "base_power": 50,
        "base_range": 20,
        "level_speed_coeff": 2,
        "level_power_coeff": 33,
        "level_range_coeff": 5
    },
    "start_x": 50,
    "start_y": 1073,
    "width": 1123,
    "height": 1123,
    "num_turns": 500,
    "monsters": [
        {
            "x": 293,
            "y": 322,
            "hp": 668,
            "gold": 33,
            "exp": 157
        },
        {
            "x": 299,
            "y": 313,
            "hp": 668,
            "gold": 32,
            "exp": 158
        },
        {
            "x": 283,
            "y": 326,
            "hp": 661,
            "gold": 32,
            "exp": 164
        },
        {
            "x": 333,
            "y": 141,
            "hp": 516,
            "gold": 27,
            "exp": 132
        },
        {
            "x": 331,
            "y": 145,
            "hp": 511,
            "gold": 27,
            "exp": 132
        },
        {
            "x": 329,
            "y": 146,
            "hp": 521,
            "gold": 28,
            "exp": 123
        },
        {
            "x": 358,
            "y": 495,
            "hp": 653,
            "gold": 34,
            "exp": 158
        },
        {
            "x": 343,
            "y": 509,
            "hp": 680,
            "gold": 31,
            "exp": 150
        },
        {
            "x": 363,
            "y": 511,
            "hp": 686,
            "gold": 32,
            "exp": 155
        },
        {
            "x": 365,
            "y": 287,
            "hp": 438,
            "gold": 18,
            "exp": 90
        },
        {
            "x": 354,
            "y": 281,
            "hp": 447,
            "gold": 18,
            "exp": 85
        },
        {
            "x": 356,
            "y": 282,
            "hp": 404,
            "gold": 20,
            "exp": 92
        },
        {
            "x": 380,
            "y": 90,
            "hp": 429,
            "gold": 20,
            "exp": 87
        },
        {
            "x": 362,
            "y": 71,
            "hp": 425,
            "gold": 19,
            "exp": 89
        },
        {
            "x": 370,
            "y": 90,
            "hp": 412,
            "gold": 20,
            "exp": 94
        },
        {
            "x": 434,
            "y": 367,
            "hp": 515,
            "gold": 28,
            "exp": 130
        },
        {
            "x": 421,
            "y": 343,
            "hp": 505,
            "gold": 26,
            "exp": 131
        },
        {
            "x": 409,
            "y": 371,
            "hp": 510,
            "gold": 28,
            "exp": 136
        },
        {
            "x": 463,
            "y": 809,
            "hp": 580,
            "gold": 33,
            "exp": 164
        },
        {
            "x": 458,
            "y": 814,
            "hp": 562,
            "gold": 32,
            "exp": 161
        },
        {
            "x": 458,
            "y": 824,
            "hp": 586,
            "gold": 31,
            "exp": 149
        },
        {
            "x": 437,
            "y": 1067,
            "hp": 607,
            "gold": 32,
            "exp": 163
        },
        {
            "x": 440,
            "y": 1071,
            "hp": 601,
            "gold": 33,
            "exp": 152
        },
        {
            "x": 463,
            "y": 1048,
            "hp": 613,
            "gold": 32,
            "exp": 164
        },
        {
            "x": 468,
            "y": 86,
            "hp": 655,
            "gold": 34,
            "exp": 153
        },
        {
            "x": 481,
            "y": 92,
            "hp": 649,
            "gold": 34,
            "exp": 155
        },
        {
            "x": 474,
            "y": 86,
            "hp": 681,
            "gold": 32,
            "exp": 155
        },
        {
            "x": 495,
            "y": 246,
            "hp": 637,
            "gold": 34,
            "exp": 164
        },
        {
            "x": 477,
            "y": 241,
            "hp": 600,
            "gold": 31,
            "exp": 158
        },
        {
            "x": 490,
            "y": 239,
            "hp": 618,
            "gold": 34,
            "exp": 158
        },
        {
            "x": 573,
            "y": 997,
            "hp": 676,
            "gold": 27,
            "exp": 130
        },
        {
            "x": 573,
            "y": 1019,
            "hp": 663,
            "gold": 26,
            "exp": 135
        },
        {
            "x": 562,
            "y": 991,
            "hp": 676,
            "gold": 28,
            "exp": 124
        },
        {
            "x": 557,
            "y": 713,
            "hp": 622,
            "gold": 33,
            "exp": 153
        },
        {
            "x": 582,
            "y": 697,
            "hp": 593,
            "gold": 32,
            "exp": 153
        },
        {
            "x": 582,
            "y": 692,
            "hp": 575,
            "gold": 33,
            "exp": 155
        },
        {
            "x": 590,
            "y": 394,
            "hp": 599,
            "gold": 34,
            "exp": 164
        },
        {
            "x": 576,
            "y": 387,
            "hp": 605,
            "gold": 33,
            "exp": 153
        },
        {
            "x": 594,
            "y": 396,
            "hp": 599,
            "gold": 34,
            "exp": 149
        },
        {
            "x": 583,
            "y": 141,
            "hp": 502,
            "gold": 25,
            "exp": 131
        },
        {
            "x": 605,
            "y": 142,
            "hp": 477,
            "gold": 27,
            "exp": 132
        },
        {
            "x": 580,
            "y": 137,
            "hp": 507,
            "gold": 27,
            "exp": 124
        },
        {
            "x": 581,
            "y": 791,
            "hp": 508,
            "gold": 27,
            "exp": 135
        },
        {
            "x": 601,
            "y": 792,
            "hp": 502,
            "gold": 28,
            "exp": 124
        },
        {
            "x": 596,
            "y": 798,
            "hp": 523,
            "gold": 26,
            "exp": 131
        },
        {
            "x": 648,
            "y": 308,
            "hp": 614,
            "gold": 26,
            "exp": 124
        },
        {
            "x": 635,
            "y": 328,
            "hp": 632,
            "gold": 27,
            "exp": 124
        },
        {
            "x": 651,
            "y": 318,
            "hp": 589,
            "gold": 25,
            "exp": 132
        },
        {
            "x": 667,
            "y": 1058,
            "hp": 550,
            "gold": 31,
            "exp": 160
        },
        {
            "x": 684,
            "y": 1062,
            "hp": 550,
            "gold": 34,
            "exp": 149
        },
        {
            "x": 686,
            "y": 1067,
            "hp": 591,
            "gold": 33,
            "exp": 158
        },
        {
            "x": 706,
            "y": 89,
            "hp": 643,
            "gold": 33,
            "exp": 152
        },
        {
            "x": 703,
            "y": 66,
            "hp": 682,
            "gold": 31,
            "exp": 150
        },
        {
            "x": 706,
            "y": 84,
            "hp": 637,
            "gold": 34,
            "exp": 164
        },
        {
            "x": 744,
            "y": 759,
            "hp": 495,
            "gold": 25,
            "exp": 136
        },
        {
            "x": 733,
            "y": 755,
            "hp": 526,
            "gold": 26,
            "exp": 133
        },
        {
            "x": 752,
            "y": 753,
            "hp": 485,
            "gold": 27,
            "exp": 136
        },
        {
            "x": 790,
            "y": 646,
            "hp": 717,
            "gold": 32,
            "exp": 164
        },
        {
            "x": 792,
            "y": 648,
            "hp": 697,
            "gold": 33,
            "exp": 161
        },
        {
            "x": 780,
            "y": 630,
            "hp": 690,
            "gold": 32,
            "exp": 150
        },
        {
            "x": 787,
            "y": 872,
            "hp": 429,
            "gold": 18,
            "exp": 86
        },
        {
            "x": 801,
            "y": 867,
            "hp": 438,
            "gold": 20,
            "exp": 91
        },
        {
            "x": 782,
            "y": 880,
            "hp": 434,
            "gold": 19,
            "exp": 94
        },
        {
            "x": 817,
            "y": 1050,
            "hp": 436,
            "gold": 19,
            "exp": 88
        },
        {
            "x": 813,
            "y": 1054,
            "hp": 472,
            "gold": 19,
            "exp": 89
        },
        {
            "x": 827,
            "y": 1036,
            "hp": 427,
            "gold": 19,
            "exp": 91
        },
        {
            "x": 854,
            "y": 997,
            "hp": 629,
            "gold": 27,
            "exp": 127
        },
        {
            "x": 849,
            "y": 993,
            "hp": 642,
            "gold": 26,
            "exp": 133
        },
        {
            "x": 844,
            "y": 996,
            "hp": 655,
            "gold": 25,
            "exp": 124
        },
        {
            "x": 874,
            "y": 785,
            "hp": 544,
            "gold": 33,
            "exp": 161
        },
        {
            "x": 857,
            "y": 813,
            "hp": 579,
            "gold": 32,
            "exp": 152
        },
        {
            "x": 867,
            "y": 791,
            "hp": 567,
            "gold": 32,
            "exp": 149
        },
        {
            "x": 90,
            "y": 522,
            "hp": 1191,
            "gold": 57,
            "exp": 326
        },
        {
            "x": 85,
            "y": 517,
            "hp": 1167,
            "gold": 56,
            "exp": 317
        },
        {
            "x": 87,
            "y": 510,
            "hp": 1227,
            "gold": 53,
            "exp": 326
        },
        {
            "x": 264,
            "y": 586,
            "hp": 1212,
            "gold": 56,
            "exp": 323
        },
        {
            "x": 284,
            "y": 568,
            "hp": 1248,
            "gold": 52,
            "exp": 307
        },
        {
            "x": 282,
            "y": 575,
            "hp": 1176,
            "gold": 57,
            "exp": 301
        },
        {
            "x": 808,
            "y": 576,
            "hp": 1094,
            "gold": 51,
            "exp": 304
        },
        {
            "x": 812,
            "y": 576,
            "hp": 1186,
            "gold": 57,
            "exp": 329
        },
        {
            "x": 825,
            "y": 579,
            "hp": 1094,
            "gold": 51,
            "exp": 317
        },
        {
            "x": 1066,
            "y": 649,
            "hp": 1101,
            "gold": 53,
            "exp": 304
        },
        {
            "x": 1054,
            "y": 640,
            "hp": 1136,
            "gold": 51,
            "exp": 307
        },
        {
            "x": 1063,
            "y": 650,
            "hp": 1159,
            "gold": 56,
            "exp": 317
        },
        {
            "x": 250,
            "y": 884,
            "hp": 550,
            "gold": 34,
            "exp": 228
        },
        {
            "x": 253,
            "y": 873,
            "hp": 550,
            "gold": 36,
            "exp": 228
        },
        {
            "x": 250,
            "y": 886,
            "hp": 550,
            "gold": 35,
            "exp": 228
        },
        {
            "x": 240,
            "y": 874,
            "hp": 300,
            "gold": 45,
            "exp": 276
        },
        {
            "x": 863,
            "y": 236,
            "hp": 550,
            "gold": 36,
            "exp": 228
        },
        {
            "x": 858,
            "y": 265,
            "hp": 550,
            "gold": 36,
            "exp": 228
        },
        {
            "x": 888,
            "y": 248,
            "hp": 550,
            "gold": 39,
            "exp": 228
        },
        {
            "x": 874,
            "y": 248,
            "hp": 300,
            "gold": 44,
            "exp": 276
        },
        {
            "x": 278,
            "y": 944,
            "hp": 550,
            "gold": 39,
            "exp": 228
        },
        {
            "x": 267,
            "y": 933,
            "hp": 550,
            "gold": 38,
            "exp": 228
        },
        {
            "x": 279,
            "y": 941,
            "hp": 550,
            "gold": 38,
            "exp": 228
        },
        {
            "x": 266,
            "y": 930,
            "hp": 300,
            "gold": 47,
            "exp": 276
        },
        {
            "x": 861,
            "y": 192,
            "hp": 550,
            "gold": 36,
            "exp": 228
        },
        {
            "x": 856,
            "y": 176,
            "hp": 550,
            "gold": 38,
            "exp": 228
        },
        {
            "x": 837,
            "y": 181,
            "hp": 550,
            "gold": 39,
            "exp": 228
        },
        {
            "x": 848,
            "y": 177,
            "hp": 300,
            "gold": 43,
            "exp": 276
        },
        {
            "x": 935,
            "y": 290,
            "hp": 550,
            "gold": 38,
            "exp": 228
        },
        {
            "x": 932,
            "y": 282,
            "hp": 550,
            "gold": 37,
            "exp": 228
        },
        {
            "x": 940,
            "y": 280,
            "hp": 550,
            "gold": 38,
            "exp": 228
        },
        {
            "x": 935,
            "y": 272,
            "hp": 300,
            "gold": 46,
            "exp": 276
        },
        {
            "x": 196,
            "y": 857,
            "hp": 550,
            "gold": 36,
            "exp": 228
        },
        {
            "x": 192,
            "y": 862,
            "hp": 550,
            "gold": 39,
            "exp": 228
        },
        {
            "x": 188,
            "y": 859,
            "hp": 550,
            "gold": 36,
            "exp": 228
        },
        {
            "x": 176,
            "y": 850,
            "hp": 300,
            "gold": 49,
            "exp": 276
        },
        {
            "x": 379,
            "y": 746,
            "hp": 550,
            "gold": 39,
            "exp": 228
        },
        {
            "x": 362,
            "y": 763,
            "hp": 550,
            "gold": 34,
            "exp": 228
        },
        {
            "x": 370,
            "y": 740,
            "hp": 550,
            "gold": 34,
            "exp": 228
        },
        {
            "x": 385,
            "y": 764,
            "hp": 300,
            "gold": 47,
            "exp": 276
        },
        {
            "x": 751,
            "y": 371,
            "hp": 550,
            "gold": 34,
            "exp": 228
        },
        {
            "x": 761,
            "y": 364,
            "hp": 550,
            "gold": 37,
            "exp": 228
        },
        {
            "x": 747,
            "y": 373,
            "hp": 550,
            "gold": 34,
            "exp": 228
        },
        {
            "x": 743,
            "y": 375,
            "hp": 300,
            "gold": 50,
            "exp": 276
        },
        {
            "x": 506,
            "y": 927,
            "hp": 550,
            "gold": 34,
            "exp": 228
        },
        {
            "x": 508,
            "y": 922,
            "hp": 550,
            "gold": 35,
            "exp": 228
        },
        {
            "x": 502,
            "y": 945,
            "hp": 550,
            "gold": 38,
            "exp": 228
        },
        {
            "x": 497,
            "y": 924,
            "hp": 300,
            "gold": 51,
            "exp": 276
        },
        {
            "x": 615,
            "y": 184,
            "hp": 550,
            "gold": 36,
            "exp": 228
        },
        {
            "x": 615,
            "y": 195,
            "hp": 550,
            "gold": 37,
            "exp": 228
        },
        {
            "x": 611,
            "y": 190,
            "hp": 550,
            "gold": 38,
            "exp": 228
        },
        {
            "x": 639,
            "y": 184,
            "hp": 300,
            "gold": 52,
            "exp": 276
        },
        {
            "x": 939,
            "y": 495,
            "hp": 550,
            "gold": 38,
            "exp": 228
        },
        {
            "x": 942,
            "y": 508,
            "hp": 550,
            "gold": 35,
            "exp": 228
        },
        {
            "x": 948,
            "y": 509,
            "hp": 550,
            "gold": 35,
            "exp": 228
        },
        {
            "x": 938,
            "y": 500,
            "hp": 300,
            "gold": 49,
            "exp": 276
        },
        {
            "x": 203,
            "y": 629,
            "hp": 550,
            "gold": 37,
            "exp": 228
        },
        {
            "x": 192,
            "y": 619,
            "hp": 550,
            "gold": 36,
            "exp": 228
        },
        {
            "x": 191,
            "y": 639,
            "hp": 550,
            "gold": 39,
            "exp": 228
        },
        {
            "x": 182,
            "y": 628,
            "hp": 300,
            "gold": 52,
            "exp": 276
        },
        {
            "x": 480,
            "y": 625,
            "hp": 550,
            "gold": 38,
            "exp": 228
        },
        {
            "x": 493,
            "y": 617,
            "hp": 550,
            "gold": 39,
            "exp": 228
        },
        {
            "x": 483,
            "y": 618,
            "hp": 550,
            "gold": 35,
            "exp": 228
        },
        {
            "x": 490,
            "y": 633,
            "hp": 300,
            "gold": 43,
            "exp": 276
        },
        {
            "x": 644,
            "y": 505,
            "hp": 550,
            "gold": 34,
            "exp": 228
        },
        {
            "x": 614,
            "y": 506,
            "hp": 550,
            "gold": 37,
            "exp": 228
        },
        {
            "x": 637,
            "y": 486,
            "hp": 550,
            "gold": 38,
            "exp": 228
        },
        {
            "x": 640,
            "y": 480,
            "hp": 300,
            "gold": 47,
            "exp": 276
        },
        {
            "x": 705,
            "y": 918,
            "hp": 550,
            "gold": 35,
            "exp": 228
        },
        {
            "x": 729,
            "y": 918,
            "hp": 550,
            "gold": 39,
            "exp": 228
        },
        {
            "x": 711,
            "y": 922,
            "hp": 550,
            "gold": 37,
            "exp": 228
        },
        {
            "x": 734,
            "y": 918,
            "hp": 300,
            "gold": 46,
            "exp": 276
        },
        {
            "x": 411,
            "y": 175,
            "hp": 550,
            "gold": 36,
            "exp": 228
        },
        {
            "x": 412,
            "y": 205,
            "hp": 550,
            "gold": 39,
            "exp": 228
        },
        {
            "x": 391,
            "y": 195,
            "hp": 550,
            "gold": 38,
            "exp": 228
        },
        {
            "x": 401,
            "y": 196,
            "hp": 300,
            "gold": 48,
            "exp": 276
        },
        {
            "x": 946,
            "y": 728,
            "hp": 550,
            "gold": 35,
            "exp": 228
        },
        {
            "x": 926,
            "y": 704,
            "hp": 550,
            "gold": 39,
            "exp": 228
        },
        {
            "x": 918,
            "y": 726,
            "hp": 550,
            "gold": 36,
            "exp": 228
        },
        {
            "x": 934,
            "y": 704,
            "hp": 300,
            "gold": 47,
            "exp": 276
        },
        {
            "x": 199,
            "y": 415,
            "hp": 550,
            "gold": 39,
            "exp": 228
        },
        {
            "x": 198,
            "y": 393,
            "hp": 550,
            "gold": 39,
            "exp": 228
        },
        {
            "x": 203,
            "y": 408,
            "hp": 550,
            "gold": 39,
            "exp": 228
        },
        {
            "x": 175,
            "y": 405,
            "hp": 300,
            "gold": 48,
            "exp": 276
        },
        {
            "x": 100,
            "y": 100,
            "hp": 10000,
            "gold": 962,
            "exp": 2000
        }
    ]
}