{
    "hero": {
        "base_speed": 3200,
        "base_power": 150,
        "base_range": 32,
        "level_speed_coeff": 1,
        "level_power_coeff": 8,
        "level_range_coeff": 3
    },
    "start_x": 414,
    "start_y": 464,
    "width": 1000,
    "height": 1000,
    "num_turns": 274,
    "monsters": [
        {
            "x": 509,
            "y": 87,
            "hp": 126,
            "gold": 124,
            "exp": 177
        },
        {
            "x": 479,
            "y": 114,
            "hp": 117,
            "gold": 128,
            "exp": 173
        },
        {
            "x": 450,
            "y": 83,
            "hp": 198,
            "gold": 127,
            "exp": 124
        },
        {
            "x": 480,
            "y": 55,
            "hp": 151,
            "gold": 126,
            "exp": 186
        },
        {
            "x": 963,
            "y": 908,
            "hp": 125,
            "gold": 122,
            "exp": 173
        },
        {
            "x": 958,
            "y": 923,
            "hp": 122,
            "gold": 118,
            "exp": 151
        },
        {
            "x": 941,
            "y": 934,
            "hp": 110,
            "gold": 120,
            "exp": 111
        },
        {
            "x": 922,
            "y": 933,
            "hp": 101,
            "gold": 122,
            "exp": 173
        },
        {
            "x": 909,
            "y": 922,
            "hp": 139,
            "gold": 122,
            "exp": 185
        },
        {
            "x": 904,
            "y": 904,
            "hp": 124,
            "gold": 118,
            "exp": 104
        },
        {
            "x": 911,
            "y": 886,
            "hp": 129,
            "gold": 117,
            "exp": 141
        },
        {
            "x": 927,
            "y": 876,
            "hp": 133,
            "gold": 116,
            "exp": 189
        },
        {
            "x": 944,
            "y": 877,
            "hp": 106,
            "gold": 123,
            "exp": 190
        },
        {
            "x": 959,
            "y": 889,
            "hp": 121,
            "gold": 117,
            "exp": 194
        },
        {
            "x": 263,
            "y": 862,
            "hp": 113,
            "gold": 119,
            "exp": 174
        },
        {
            "x": 255,
            "y": 883,
            "hp": 112,
            "gold": 124,
            "exp": 184
        },
        {
            "x": 237,
            "y": 892,
            "hp": 142,
            "gold": 121,
            "exp": 126
        },
        {
            "x": 216,
            "y": 888,
            "hp": 105,
            "gold": 118,
            "exp": 114
        },
        {
            "x": 203,
            "y": 872,
            "hp": 117,
            "gold": 120,
            "exp": 187
        },
        {
            "x": 204,
            "y": 850,
            "hp": 104,
            "gold": 119,
            "exp": 163
        },
        {
            "x": 219,
            "y": 833,
            "hp": 116,
            "gold": 120,
            "exp": 116
        },
        {
            "x": 240,
            "y": 831,
            "hp": 141,
            "gold": 117,
            "exp": 107
        },
        {
            "x": 257,
            "y": 842,
            "hp": 106,
            "gold": 117,
            "exp": 151
        },
        {
            "x": 970,
            "y": 855,
            "hp": 130,
            "gold": 129,
            "exp": 131
        },
        {
            "x": 938,
            "y": 886,
            "hp": 117,
            "gold": 123,
            "exp": 196
        },
        {
            "x": 907,
            "y": 852,
            "hp": 194,
            "gold": 122,
            "exp": 110
        },
        {
            "x": 940,
            "y": 823,
            "hp": 111,
            "gold": 121,
            "exp": 101
        },
        {
            "x": 391,
            "y": 310,
            "hp": 171,
            "gold": 127,
            "exp": 186
        },
        {
            "x": 367,
            "y": 338,
            "hp": 139,
            "gold": 125,
            "exp": 194
        },
        {
            "x": 333,
            "y": 325,
            "hp": 178,
            "gold": 121,
            "exp": 131
        },
        {
            "x": 335,
            "y": 286,
            "hp": 152,
            "gold": 129,
            "exp": 138
        },
        {
            "x": 370,
            "y": 276,
            "hp": 154,
            "gold": 121,
            "exp": 175
        },
        {
            "x": 465,
            "y": 457,
            "hp": 142,
            "gold": 124,
            "exp": 156
        },
        {
            "x": 458,
            "y": 477,
            "hp": 132,
            "gold": 121,
            "exp": 127
        },
        {
            "x": 438,
            "y": 488,
            "hp": 113,
            "gold": 119,
            "exp": 143
        },
        {
            "x": 417,
            "y": 484,
            "hp": 132,
            "gold": 124,
            "exp": 121
        },
        {
            "x": 403,
            "y": 467,
            "hp": 108,
            "gold": 123,
            "exp": 174
        },
        {
            "x": 404,
            "y": 444,
            "hp": 111,
            "gold": 117,
            "exp": 149
        },
        {
            "x": 420,
            "y": 427,
            "hp": 120,
            "gold": 119,
            "exp": 190
        },
        {
            "x": 440,
            "y": 425,
            "hp": 119,
            "gold": 122,
            "exp": 180
        },
        {
            "x": 459,
            "y": 437,
            "hp": 126,
            "gold": 117,
            "exp": 151
        },
        {
            "x": 250,
            "y": 644,
            "hp": 139,
            "gold": 118,
            "exp": 162
        },
        {
            "x": 242,
            "y": 664,
            "hp": 110,
            "gold": 121,
            "exp": 145
        },
        {
            "x": 225,
            "y": 675,
            "hp": 126,
            "gold": 117,
            "exp": 103
        },
        {
            "x": 205,
            "y": 673,
            "hp": 107,
            "gold": 120,
            "exp": 138
        },
        {
            "x": 191,
            "y": 662,
            "hp": 133,
            "gold": 119,
            "exp": 197
        },
        {
            "x": 185,
            "y": 640,
            "hp": 130,
            "gold": 118,
            "exp": 156
        },
        {
            "x": 191,
            "y": 622,
            "hp": 102,
            "gold": 118,
            "exp": 119
        },
        {
            "x": 210,
            "y": 610,
            "hp": 121,
            "gold": 118,
            "exp": 154
        },
        {
            "x": 230,
            "y": 612,
            "hp": 138,
            "gold": 119,
            "exp": 143
        },
        {
            "x": 246,
            "y": 625,
            "hp": 114,
            "gold": 123,
            "exp": 144
        },
        {
            "x": 766,
            "y": 725,
            "hp": 119,
            "gold": 119,
            "exp": 197
        },
        {
            "x": 757,
            "y": 748,
            "hp": 120,
            "gold": 120,
            "exp": 115
        },
        {
            "x": 737,
            "y": 758,
            "hp": 104,
            "gold": 119,
            "exp": 155
        },
        {
            "x": 713,
            "y": 753,
            "hp": 118,
            "gold": 116,
            "exp": 145
        },
        {
            "x": 700,
            "y": 735,
            "hp": 127,
            "gold": 123,
            "exp": 101
        },
        {
            "x": 702,
            "y": 710,
            "hp": 107,
            "gold": 122,
            "exp": 121
        },
        {
            "x": 718,
            "y": 694,
            "hp": 136,
            "gold": 123,
            "exp": 193
        },
        {
            "x": 739,
            "y": 691,
            "hp": 141,
            "gold": 123,
            "exp": 172
        },
        {
            "x": 760,
            "y": 705,
            "hp": 127,
            "gold": 117,
            "exp": 149
        },
        {
            "x": 787,
            "y": 777,
            "hp": 135,
            "gold": 121,
            "exp": 151
        },
        {
            "x": 761,
            "y": 810,
            "hp": 153,
            "gold": 124,
            "exp": 157
        },
        {
            "x": 726,
            "y": 796,
            "hp": 111,
            "gold": 129,
            "exp": 119
        },
        {
            "x": 728,
            "y": 754,
            "hp": 155,
            "gold": 122,
            "exp": 128
        },
        {
            "x": 766,
            "y": 745,
            "hp": 124,
            "gold": 123,
            "exp": 165
        },
        {
            "x": 906,
            "y": 815,
            "hp": 115,
            "gold": 121,
            "exp": 101
        },
        {
            "x": 899,
            "y": 833,
            "hp": 128,
            "gold": 121,
            "exp": 138
        },
        {
            "x": 882,
            "y": 845,
            "hp": 105,
            "gold": 123,
            "exp": 122
        },
        {
            "x": 858,
            "y": 844,
            "hp": 105,
            "gold": 118,
            "exp": 133
        },
        {
            "x": 843,
            "y": 832,
            "hp": 129,
            "gold": 123,
            "exp": 138
        },
        {
            "x": 837,
            "y": 811,
            "hp": 110,
            "gold": 117,
            "exp": 138
        },
        {
            "x": 843,
            "y": 791,
            "hp": 104,
            "gold": 123,
            "exp": 117
        },
        {
            "x": 861,
            "y": 778,
            "hp": 136,
            "gold": 120,
            "exp": 181
        },
        {
            "x": 885,
            "y": 779,
            "hp": 116,
            "gold": 123,
            "exp": 110
        },
        {
            "x": 900,
            "y": 792,
            "hp": 122,
            "gold": 119,
            "exp": 164
        },
        {
            "x": 103,
            "y": 143,
            "hp": 129,
            "gold": 119,
            "exp": 194
        },
        {
            "x": 95,
            "y": 166,
            "hp": 126,
            "gold": 119,
            "exp": 100
        },
        {
            "x": 76,
            "y": 177,
            "hp": 138,
            "gold": 120,
            "exp": 113
        },
        {
            "x": 56,
            "y": 175,
            "hp": 134,
            "gold": 122,
            "exp": 150
        },
        {
            "x": 39,
            "y": 161,
            "hp": 118,
            "gold": 120,
            "exp": 148
        },
        {
            "x": 34,
            "y": 142,
            "hp": 114,
            "gold": 118,
            "exp": 133
        },
        {
            "x": 41,
            "y": 121,
            "hp": 112,
            "gold": 120,
            "exp": 148
        },
        {
            "x": 59,
            "y": 109,
            "hp": 122,
            "gold": 121,
            "exp": 130
        },
        {
            "x": 81,
            "y": 110,
            "hp": 107,
            "gold": 119,
            "exp": 118
        },
        {
            "x": 98,
            "y": 124,
            "hp": 136,
            "gold": 117,
            "exp": 131
        },
        {
            "x": 844,
            "y": 552,
            "hp": 151,
            "gold": 119,
            "exp": 120
        },
        {
            "x": 828,
            "y": 582,
            "hp": 154,
            "gold": 126,
            "exp": 143
        },
        {
            "x": 800,
            "y": 586,
            "hp": 153,
            "gold": 118,
            "exp": 122
        },
        {
            "x": 775,
            "y": 564,
            "hp": 132,
            "gold": 122,
            "exp": 162
        },
        {
            "x": 777,
            "y": 534,
            "hp": 111,
            "gold": 126,
            "exp": 133
        },
        {
            "x": 801,
            "y": 516,
            "hp": 120,
            "gold": 118,
            "exp": 161
        },
        {
            "x": 831,
            "y": 524,
            "hp": 110,
            "gold": 125,
            "exp": 125
        },
        {
            "x": 744,
            "y": 260,
            "hp": 132,
            "gold": 118,
            "exp": 171
        },
        {
            "x": 729,
            "y": 287,
            "hp": 133,
            "gold": 122,
            "exp": 180
        },
        {
            "x": 700,
            "y": 293,
            "hp": 102,
            "gold": 124,
            "exp": 139
        },
        {
            "x": 676,
            "y": 273,
            "hp": 119,
            "gold": 126,
            "exp": 117
        },
        {
            "x": 677,
            "y": 241,
            "hp": 109,
            "gold": 123,
            "exp": 120
        },
        {
            "x": 704,
            "y": 222,
            "hp": 104,
            "gold": 124,
            "exp": 143
        },
        {
            "x": 732,
            "y": 230,
            "hp": 115,
            "gold": 120,
            "exp": 168
        },
        {
            "x": 107,
            "y": 602,
            "hp": 100,
            "gold": 117,
            "exp": 159
        },
        {
            "x": 98,
            "y": 625,
            "hp": 129,
            "gold": 123,
            "exp": 150
        },
        {
            "x": 76,
            "y": 637,
            "hp": 124,
            "gold": 123,
            "exp": 127
        },
        {
            "x": 53,
            "y": 632,
            "hp": 102,
            "gold": 121,
            "exp": 149
        },
        {
            "x": 37,
            "y": 610,
            "hp": 110,
            "gold": 121,
            "exp": 173
        },
        {
            "x": 38,
            "y": 589,
            "hp": 127,
            "gold": 117,
            "exp": 161
        },
        {
            "x": 54,
            "y": 570,
            "hp": 119,
            "gold": 117,
            "exp": 158
        },
        {
            "x": 81,
            "y": 567,
            "hp": 118,
            "gold": 124,
            "exp": 126
        },
        {
            "x": 99,
            "y": 579,
            "hp": 122,
            "gold": 124,
            "exp": 188
        },
        {
            "x": 890,
            "y": 25,
            "hp": 135,
            "gold": 118,
            "exp": 173
        },
        {
            "x": 876,
            "y": 51,
            "hp": 107,
            "gold": 125,
            "exp": 193
        },
        {
            "x": 844,
            "y": 57,
            "hp": 118,
            "gold": 121,
            "exp": 134
        },
        {
            "x": 821,
            "y": 36,
            "hp": 148,
            "gold": 122,
            "exp": 167
        },
        {
            "x": 823,
            "y": 4,
            "hp": 144,
            "gold": 122,
            "exp": 127
        },
        {
            "x": 850,
            "y": 0,
            "hp": 114,
            "gold": 124,
            "exp": 151
        },
        {
            "x": 879,
            "y": 0,
            "hp": 121,
            "gold": 121,
            "exp": 191
        },
        {
            "x": 457,
            "y": 78,
            "hp": 134,
            "gold": 122,
            "exp": 178
        },
        {
            "x": 444,
            "y": 104,
            "hp": 118,
            "gold": 125,
            "exp": 182
        },
        {
            "x": 418,
            "y": 112,
            "hp": 123,
            "gold": 118,
            "exp": 169
        },
        {
            "x": 393,
            "y": 100,
            "hp": 140,
            "gold": 121,
            "exp": 117
        },
        {
            "x": 384,
            "y": 75,
            "hp": 133,
            "gold": 122,
            "exp": 116
        },
        {
            "x": 397,
            "y": 47,
            "hp": 131,
            "gold": 121,
            "exp": 178
        },
        {
            "x": 422,
            "y": 39,
            "hp": 108,
            "gold": 117,
            "exp": 137
        },
        {
            "x": 447,
            "y": 50,
            "hp": 134,
            "gold": 122,
            "exp": 189
        },
        {
            "x": 524,
            "y": 343,
            "hp": 131,
            "gold": 116,
            "exp": 160
        },
        {
            "x": 516,
            "y": 364,
            "hp": 109,
            "gold": 123,
            "exp": 109
        },
        {
            "x": 498,
            "y": 376,
            "hp": 117,
            "gold": 118,
            "exp": 104
        },
        {
            "x": 476,
            "y": 376,
            "hp": 129,
            "gold": 119,
            "exp": 127
        },
        {
            "x": 456,
            "y": 360,
            "hp": 109,
            "gold": 123,
            "exp": 178
        },
        {
            "x": 451,
            "y": 337,
            "hp": 131,
            "gold": 120,
            "exp": 153
        },
        {
            "x": 459,
            "y": 317,
            "hp": 133,
            "gold": 123,
            "exp": 157
        },
        {
            "x": 479,
            "y": 305,
            "hp": 137,
            "gold": 116,
            "exp": 192
        },
        {
            "x": 502,
            "y": 307,
            "hp": 117,
            "gold": 123,
            "exp": 141
        },
        {
            "x": 518,
            "y": 320,
            "hp": 113,
            "gold": 119,
            "exp": 170
        },
        {
            "x": 292,
            "y": 753,
            "hp": 122,
            "gold": 121,
            "exp": 101
        },
        {
            "x": 271,
            "y": 784,
            "hp": 101,
            "gold": 124,
            "exp": 116
        },
        {
            "x": 234,
            "y": 781,
            "hp": 125,
            "gold": 123,
            "exp": 126
        },
        {
            "x": 219,
            "y": 750,
            "hp": 161,
            "gold": 123,
            "exp": 180
        },
        {
            "x": 240,
            "y": 717,
            "hp": 132,
            "gold": 120,
            "exp": 103
        },
        {
            "x": 274,
            "y": 718,
            "hp": 151,
            "gold": 119,
            "exp": 112
        },
        {
            "x": 88,
            "y": 654,
            "hp": 126,
            "gold": 117,
            "exp": 100
        },
        {
            "x": 81,
            "y": 673,
            "hp": 138,
            "gold": 118,
            "exp": 170
        },
        {
            "x": 62,
            "y": 686,
            "hp": 110,
            "gold": 122,
            "exp": 178
        },
        {
            "x": 38,
            "y": 685,
            "hp": 139,
            "gold": 117,
            "exp": 144
        },
        {
            "x": 20,
            "y": 670,
            "hp": 139,
            "gold": 120,
            "exp": 101
        },
        {
            "x": 15,
            "y": 649,
            "hp": 118,
            "gold": 123,
            "exp": 126
        },
        {
            "x": 24,
            "y": 626,
            "hp": 114,
            "gold": 120,
            "exp": 166
        },
        {
            "x": 42,
            "y": 615,
            "hp": 133,
            "gold": 119,
            "exp": 157
        },
        {
            "x": 65,
            "y": 616,
            "hp": 129,
            "gold": 118,
            "exp": 125
        },
        {
            "x": 83,
            "y": 631,
            "hp": 131,
            "gold": 116,
            "exp": 196
        },
        {
            "x": 572,
            "y": 661,
            "hp": 145,
            "gold": 118,
            "exp": 182
        },
        {
            "x": 561,
            "y": 685,
            "hp": 110,
            "gold": 120,
            "exp": 163
        },
        {
            "x": 534,
            "y": 695,
            "hp": 119,
            "gold": 124,
            "exp": 152
        },
        {
            "x": 506,
            "y": 683,
            "hp": 144,
            "gold": 122,
            "exp": 157
        },
        {
            "x": 497,
            "y": 656,
            "hp": 110,
            "gold": 119,
            "exp": 147
        },
        {
            "x": 510,
            "y": 628,
            "hp": 104,
            "gold": 121,
            "exp": 170
        },
        {
            "x": 536,
            "y": 620,
            "hp": 124,
            "gold": 117,
            "exp": 168
        },
        {
            "x": 562,
            "y": 632,
            "hp": 133,
            "gold": 117,
            "exp": 105
        },
        {
            "x": 967,
            "y": 682,
            "hp": 149,
            "gold": 124,
            "exp": 128
        },
        {
            "x": 945,
            "y": 714,
            "hp": 143,
            "gold": 128,
            "exp": 165
        },
        {
            "x": 909,
            "y": 711,
            "hp": 157,
            "gold": 123,
            "exp": 178
        },
        {
            "x": 892,
            "y": 679,
            "hp": 142,
            "gold": 124,
            "exp": 138
        },
        {
            "x": 911,
            "y": 646,
            "hp": 142,
            "gold": 119,
            "exp": 179
        },
        {
            "x": 951,
            "y": 648,
            "hp": 105,
            "gold": 120,
            "exp": 163
        },
        {
            "x": 400,
            "y": 702,
            "hp": 184,
            "gold": 124,
            "exp": 187
        },
        {
            "x": 362,
            "y": 737,
            "hp": 122,
            "gold": 128,
            "exp": 181
        },
        {
            "x": 325,
            "y": 698,
            "hp": 196,
            "gold": 126,
            "exp": 149
        },
        {
            "x": 364,
            "y": 662,
            "hp": 117,
            "gold": 130,
            "exp": 113
        },
        {
            "x": 884,
            "y": 634,
            "hp": 134,
            "gold": 127,
            "exp": 191
        },
        {
            "x": 844,
            "y": 671,
            "hp": 197,
            "gold": 128,
            "exp": 139
        },
        {
            "x": 809,
            "y": 631,
            "hp": 195,
            "gold": 123,
            "exp": 110
        },
        {
            "x": 850,
            "y": 596,
            "hp": 150,
            "gold": 124,
            "exp": 118
        },
        {
            "x": 608,
            "y": 689,
            "hp": 118,
            "gold": 120,
            "exp": 167
        },
        {
            "x": 599,
            "y": 711,
            "hp": 106,
            "gold": 121,
            "exp": 162
        },
        {
            "x": 575,
            "y": 724,
            "hp": 119,
            "gold": 123,
            "exp": 197
        },
        {
            "x": 551,
            "y": 719,
            "hp": 124,
            "gold": 116,
            "exp": 156
        },
        {
            "x": 534,
            "y": 696,
            "hp": 125,
            "gold": 123,
            "exp": 126
        },
        {
            "x": 535,
            "y": 673,
            "hp": 131,
            "gold": 124,
            "exp": 131
        },
        {
            "x": 552,
            "y": 653,
            "hp": 138,
            "gold": 117,
            "exp": 138
        },
        {
            "x": 579,
            "y": 649,
            "hp": 140,
            "gold": 120,
            "exp": 182
        },
        {
            "x": 601,
            "y": 664,
            "hp": 126,
            "gold": 123,
            "exp": 104
        },
        {
            "x": 760,
            "y": 440,
            "hp": 147,
            "gold": 122,
            "exp": 119
        },
        {
            "x": 745,
            "y": 471,
            "hp": 149,
            "gold": 118,
            "exp": 124
        },
        {
            "x": 713,
            "y": 477,
            "hp": 135,
            "gold": 126,
            "exp": 167
        },
        {
            "x": 686,
            "y": 456,
            "hp": 152,
            "gold": 124,
            "exp": 180
        },
        {
            "x": 687,
            "y": 421,
            "hp": 113,
            "gold": 121,
            "exp": 176
        },
        {
            "x": 714,
            "y": 401,
            "hp": 118,
            "gold": 122,
            "exp": 106
        },
        {
            "x": 749,
            "y": 411,
            "hp": 103,
            "gold": 119,
            "exp": 197
        },
        {
            "x": 336,
            "y": 624,
            "hp": 158,
            "gold": 121,
            "exp": 147
        },
        {
            "x": 307,
            "y": 660,
            "hp": 161,
            "gold": 121,
            "exp": 147
        },
        {
            "x": 265,
            "y": 644,
            "hp": 156,
            "gold": 125,
            "exp": 126
        },
        {
            "x": 267,
            "y": 598,
            "hp": 151,
            "gold": 123,
            "exp": 115
        },
        {
            "x": 311,
            "y": 586,
            "hp": 141,
            "gold": 123,
            "exp": 188
        },
        {
            "x": 820,
            "y": 159,
            "hp": 112,
            "gold": 116,
            "exp": 138
        },
        {
            "x": 812,
            "y": 180,
            "hp": 122,
            "gold": 120,
            "exp": 162
        },
        {
            "x": 792,
            "y": 193,
            "hp": 136,
            "gold": 117,
            "exp": 169
        },
        {
            "x": 768,
            "y": 192,
            "hp": 107,
            "gold": 122,
            "exp": 164
        },
        {
            "x": 749,
            "y": 177,
            "hp": 114,
            "gold": 123,
            "exp": 156
        },
        {
            "x": 743,
            "y": 153,
            "hp": 139,
            "gold": 119,
            "exp": 177
        },
        {
            "x": 751,
            "y": 131,
            "hp": 117,
            "gold": 118,
            "exp": 173
        },
        {
            "x": 771,
            "y": 118,
            "hp": 130,
            "gold": 124,
            "exp": 101
        },
        {
            "x": 796,
            "y": 119,
            "hp": 114,
            "gold": 116,
            "exp": 158
        },
        {
            "x": 814,
            "y": 134,
            "hp": 116,
            "gold": 117,
            "exp": 187
        },
        {
            "x": 131,
            "y": 495,
            "hp": 125,
            "gold": 118,
            "exp": 181
        },
        {
            "x": 123,
            "y": 518,
            "hp": 124,
            "gold": 117,
            "exp": 196
        },
        {
            "x": 103,
            "y": 532,
            "hp": 103,
            "gold": 116,
            "exp": 184
        },
        {
            "x": 80,
            "y": 531,
            "hp": 138,
            "gold": 119,
            "exp": 156
        },
        {
            "x": 61,
            "y": 517,
            "hp": 135,
            "gold": 118,
            "exp": 163
        },
        {
            "x": 54,
            "y": 491,
            "hp": 125,
            "gold": 121,
            "exp": 136
        },
        {
            "x": 63,
            "y": 469,
            "hp": 105,
            "gold": 119,
            "exp": 128
        },
        {
            "x": 81,
            "y": 457,
            "hp": 108,
            "gold": 121,
            "exp": 172
        },
        {
            "x": 107,
            "y": 458,
            "hp": 111,
            "gold": 123,
            "exp": 129
        },
        {
            "x": 125,
            "y": 473,
            "hp": 110,
            "gold": 123,
            "exp": 122
        },
        {
            "x": 791,
            "y": 197,
            "hp": 140,
            "gold": 125,
            "exp": 139
        },
        {
            "x": 778,
            "y": 226,
            "hp": 149,
            "gold": 121,
            "exp": 122
        },
        {
            "x": 751,
            "y": 235,
            "hp": 122,
            "gold": 120,
            "exp": 195
        },
        {
            "x": 725,
            "y": 224,
            "hp": 127,
            "gold": 124,
            "exp": 116
        },
        {
            "x": 714,
            "y": 194,
            "hp": 119,
            "gold": 124,
            "exp": 152
        },
        {
            "x": 727,
            "y": 167,
            "hp": 112,
            "gold": 118,
            "exp": 137
        },
        {
            "x": 755,
            "y": 158,
            "hp": 121,
            "gold": 123,
            "exp": 160
        },
        {
            "x": 781,
            "y": 170,
            "hp": 143,
            "gold": 120,
            "exp": 122
        },
        {
            "x": 387,
            "y": 91,
            "hp": 121,
            "gold": 119,
            "exp": 190
        },
        {
            "x": 378,
            "y": 117,
            "hp": 121,
            "gold": 120,
            "exp": 147
        },
        {
            "x": 356,
            "y": 130,
            "hp": 132,
            "gold": 123,
            "exp": 151
        },
        {
            "x": 334,
            "y": 128,
            "hp": 128,
            "gold": 123,
            "exp": 144
        },
        {
            "x": 315,
            "y": 114,
            "hp": 124,
            "gold": 120,
            "exp": 176
        },
        {
            "x": 308,
            "y": 88,
            "hp": 121,
            "gold": 120,
            "exp": 170
        },
        {
            "x": 317,
            "y": 64,
            "hp": 130,
            "gold": 120,
            "exp": 124
        },
        {
            "x": 337,
            "y": 52,
            "hp": 138,
            "gold": 119,
            "exp": 191
        },
        {
            "x": 360,
            "y": 53,
            "hp": 123,
            "gold": 116,
            "exp": 103
        },
        {
            "x": 380,
            "y": 68,
            "hp": 115,
            "gold": 121,
            "exp": 124
        },
        {
            "x": 128,
            "y": 77,
            "hp": 143,
            "gold": 132,
            "exp": 175
        },
        {
            "x": 88,
            "y": 115,
            "hp": 185,
            "gold": 129,
            "exp": 192
        },
        {
            "x": 49,
            "y": 72,
            "hp": 100,
            "gold": 127,
            "exp": 129
        },
        {
            "x": 89,
            "y": 36,
            "hp": 144,
            "gold": 130,
            "exp": 102
        },
        {
            "x": 785,
            "y": 507,
            "hp": 138,
            "gold": 120,
            "exp": 153
        },
        {
            "x": 765,
            "y": 540,
            "hp": 133,
            "gold": 127,
            "exp": 189
        },
        {
            "x": 725,
            "y": 540,
            "hp": 165,
            "gold": 119,
            "exp": 131
        },
        {
            "x": 706,
            "y": 502,
            "hp": 105,
            "gold": 118,
            "exp": 191
        },
        {
            "x": 727,
            "y": 470,
            "hp": 112,
            "gold": 124,
            "exp": 191
        },
        {
            "x": 768,
            "y": 472,
            "hp": 135,
            "gold": 121,
            "exp": 104
        },
        {
            "x": 210,
            "y": 198,
            "hp": 122,
            "gold": 123,
            "exp": 188
        },
        {
            "x": 203,
            "y": 218,
            "hp": 111,
            "gold": 122,
            "exp": 144
        },
        {
            "x": 182,
            "y": 233,
            "hp": 139,
            "gold": 119,
            "exp": 117
        },
        {
            "x": 156,
            "y": 232,
            "hp": 126,
            "gold": 116,
            "exp": 146
        },
        {
            "x": 136,
            "y": 215,
            "hp": 109,
            "gold": 117,
            "exp": 162
        },
        {
            "x": 131,
            "y": 193,
            "hp": 114,
            "gold": 119,
            "exp": 123
        },
        {
            "x": 139,
            "y": 170,
            "hp": 102,
            "gold": 121,
            "exp": 161
        },
        {
            "x": 160,
            "y": 156,
            "hp": 112,
            "gold": 117,
            "exp": 115
        },
        {
            "x": 186,
            "y": 158,
            "hp": 121,
            "gold": 120,
            "exp": 138
        },
        {
            "x": 203,
            "y": 171,
            "hp": 110,
            "gold": 123,
            "exp": 158
        },
        {
            "x": 684,
            "y": 398,
            "hp": 106,
            "gold": 117,
            "exp": 107
        },
        {
            "x": 670,
            "y": 428,
            "hp": 139,
            "gold": 123,
            "exp": 149
        },
        {
            "x": 643,
            "y": 437,
            "hp": 117,
            "gold": 117,
            "exp": 109
        },
        {
            "x": 616,
            "y": 425,
            "hp": 130,
            "gold": 121,
            "exp": 150
        },
        {
            "x": 605,
            "y": 396,
            "hp": 140,
            "gold": 121,
            "exp": 131
        },
        {
            "x": 619,
            "y": 367,
            "hp": 139,
            "gold": 119,
            "exp": 138
        },
        {
            "x": 645,
            "y": 358,
            "hp": 104,
            "gold": 121,
            "exp": 169
        },
        {
            "x": 674,
            "y": 370,
            "hp": 100,
            "gold": 117,
            "exp": 113
        },
        {
            "x": 544,
            "y": 973,
            "hp": 140,
            "gold": 124,
            "exp": 193
        },
        {
            "x": 524,
            "y": 1000,
            "hp": 109,
            "gold": 126,
            "exp": 188
        },
        {
            "x": 482,
            "y": 1000,
            "hp": 131,
            "gold": 122,
            "exp": 185
        },
        {
            "x": 465,
            "y": 970,
            "hp": 153,
            "gold": 120,
            "exp": 101
        },
        {
            "x": 485,
            "y": 937,
            "hp": 113,
            "gold": 124,
            "exp": 131
        },
        {
            "x": 527,
            "y": 939,
            "hp": 156,
            "gold": 124,
            "exp": 122
        },
        {
            "x": 674,
            "y": 300,
            "hp": 119,
            "gold": 129,
            "exp": 156
        },
        {
            "x": 645,
            "y": 338,
            "hp": 140,
            "gold": 123,
            "exp": 183
        },
        {
            "x": 601,
            "y": 322,
            "hp": 120,
            "gold": 124,
            "exp": 115
        },
        {
            "x": 603,
            "y": 275,
            "hp": 138,
            "gold": 123,
            "exp": 157
        },
        {
            "x": 649,
            "y": 262,
            "hp": 168,
            "gold": 120,
            "exp": 192
        },
        {
            "x": 1000,
            "y": 771,
            "hp": 140,
            "gold": 125,
            "exp": 135
        },
        {
            "x": 981,
            "y": 807,
            "hp": 140,
            "gold": 125,
            "exp": 127
        },
        {
            "x": 937,
            "y": 791,
            "hp": 151,
            "gold": 129,
            "exp": 110
        },
        {
            "x": 940,
            "y": 743,
            "hp": 101,
            "gold": 127,
            "exp": 132
        },
        {
            "x": 986,
            "y": 732,
            "hp": 167,
            "gold": 121,
            "exp": 161
        },
        {
            "x": 696,
            "y": 93,
            "hp": 157,
            "gold": 119,
            "exp": 199
        },
        {
            "x": 676,
            "y": 127,
            "hp": 158,
            "gold": 119,
            "exp": 192
        },
        {
            "x": 632,
            "y": 125,
            "hp": 163,
            "gold": 124,
            "exp": 174
        },
        {
            "x": 615,
            "y": 91,
            "hp": 150,
            "gold": 124,
            "exp": 164
        },
        {
            "x": 638,
            "y": 54,
            "hp": 106,
            "gold": 127,
            "exp": 150
        },
        {
            "x": 677,
            "y": 57,
            "hp": 135,
            "gold": 127,
            "exp": 157
        },
        {
            "x": 146,
            "y": 344,
            "hp": 137,
            "gold": 118,
            "exp": 136
        },
        {
            "x": 138,
            "y": 365,
            "hp": 135,
            "gold": 117,
            "exp": 169
        },
        {
            "x": 117,
            "y": 380,
            "hp": 117,
            "gold": 119,
            "exp": 198
        },
        {
            "x": 90,
            "y": 379,
            "hp": 109,
            "gold": 117,
            "exp": 161
        },
        {
            "x": 71,
            "y": 363,
            "hp": 106,
            "gold": 118,
            "exp": 187
        },
        {
            "x": 65,
            "y": 338,
            "hp": 133,
            "gold": 123,
            "exp": 198
        },
        {
            "x": 73,
            "y": 316,
            "hp": 106,
            "gold": 121,
            "exp": 174
        },
        {
            "x": 93,
            "y": 301,
            "hp": 123,
            "gold": 118,
            "exp": 134
        },
        {
            "x": 122,
            "y": 303,
            "hp": 110,
            "gold": 116,
            "exp": 155
        },
        {
            "x": 139,
            "y": 317,
            "hp": 139,
            "gold": 121,
            "exp": 191
        },
        {
            "x": 173,
            "y": 584,
            "hp": 104,
            "gold": 122,
            "exp": 135
        },
        {
            "x": 159,
            "y": 615,
            "hp": 130,
            "gold": 119,
            "exp": 127
        },
        {
            "x": 130,
            "y": 624,
            "hp": 103,
            "gold": 119,
            "exp": 177
        },
        {
            "x": 103,
            "y": 612,
            "hp": 130,
            "gold": 124,
            "exp": 133
        },
        {
            "x": 92,
            "y": 580,
            "hp": 129,
            "gold": 119,
            "exp": 120
        },
        {
            "x": 104,
            "y": 554,
            "hp": 139,
            "gold": 122,
            "exp": 139
        },
        {
            "x": 136,
            "y": 543,
            "hp": 142,
            "gold": 118,
            "exp": 130
        },
        {
            "x": 162,
            "y": 555,
            "hp": 122,
            "gold": 123,
            "exp": 187
        },
        {
            "x": 561,
            "y": 563,
            "hp": 139,
            "gold": 128,
            "exp": 161
        },
        {
            "x": 530,
            "y": 601,
            "hp": 132,
            "gold": 123,
            "exp": 125
        },
        {
            "x": 486,
            "y": 584,
            "hp": 126,
            "gold": 124,
            "exp": 161
        },
        {
            "x": 488,
            "y": 536,
            "hp": 115,
            "gold": 129,
            "exp": 115
        },
        {
            "x": 536,
            "y": 523,
            "hp": 167,
            "gold": 125,
            "exp": 125
        },
        {
            "x": 417,
            "y": 496,
            "hp": 104,
            "gold": 121,
            "exp": 187
        },
        {
            "x": 407,
            "y": 520,
            "hp": 119,
            "gold": 119,
            "exp": 167
        },
        {
            "x": 389,
            "y": 533,
            "hp": 124,
            "gold": 123,
            "exp": 172
        },
        {
            "x": 362,
            "y": 532,
            "hp": 109,
            "gold": 118,
            "exp": 178
        },
        {
            "x": 341,
            "y": 515,
            "hp": 100,
            "gold": 119,
            "exp": 150
        },
        {
            "x": 336,
            "y": 492,
            "hp": 127,
            "gold": 122,
            "exp": 122
        },
        {
            "x": 346,
            "y": 466,
            "hp": 128,
            "gold": 119,
            "exp": 138
        },
        {
            "x": 367,
            "y": 454,
            "hp": 116,
            "gold": 119,
            "exp": 142
        },
        {
            "x": 391,
            "y": 455,
            "hp": 119,
            "gold": 119,
            "exp": 136
        },
        {
            "x": 410,
            "y": 470,
            "hp": 103,
            "gold": 119,
            "exp": 128
        },
        {
            "x": 318,
            "y": 228,
            "hp": 100,
            "gold": 116,
            "exp": 110
        },
        {
            "x": 307,
            "y": 256,
            "hp": 124,
            "gold": 117,
            "exp": 187
        },
        {
            "x": 284,
            "y": 268,
            "hp": 140,
            "gold": 124,
            "exp": 161
        },
        {
            "x": 256,
            "y": 262,
            "hp": 136,
            "gold": 122,
            "exp": 155
        },
        {
            "x": 238,
            "y": 238,
            "hp": 122,
            "gold": 123,
            "exp": 187
        },
        {
            "x": 240,
            "y": 211,
            "hp": 141,
            "gold": 123,
            "exp": 128
        },
        {
            "x": 258,
            "y": 192,
            "hp": 137,
            "gold": 118,
            "exp": 162
        },
        {
            "x": 287,
            "y": 188,
            "hp": 132,
            "gold": 124,
            "exp": 180
        },
        {
            "x": 311,
            "y": 203,
            "hp": 131,
            "gold": 118,
            "exp": 154
        },
        {
            "x": 207,
            "y": 641,
            "hp": 147,
            "gold": 119,
            "exp": 142
        },
        {
            "x": 190,
            "y": 674,
            "hp": 112,
            "gold": 120,
            "exp": 155
        },
        {
            "x": 155,
            "y": 680,
            "hp": 145,
            "gold": 122,
            "exp": 175
        },
        {
            "x": 129,
            "y": 657,
            "hp": 155,
            "gold": 126,
            "exp": 173
        },
        {
            "x": 131,
            "y": 620,
            "hp": 141,
            "gold": 118,
            "exp": 176
        },
        {
            "x": 158,
            "y": 600,
            "hp": 128,
            "gold": 123,
            "exp": 167
        },
        {
            "x": 192,
            "y": 609,
            "hp": 123,
            "gold": 117,
            "exp": 173
        },
        {
            "x": 595,
            "y": 68,
            "hp": 117,
            "gold": 119,
            "exp": 102
        },
        {
            "x": 587,
            "y": 92,
            "hp": 106,
            "gold": 121,
            "exp": 120
        },
        {
            "x": 566,
            "y": 107,
            "hp": 131,
            "gold": 123,
            "exp": 155
        },
        {
            "x": 538,
            "y": 105,
            "hp": 135,
            "gold": 118,
            "exp": 116
        },
        {
            "x": 517,
            "y": 88,
            "hp": 108,
            "gold": 121,
            "exp": 169
        },
        {
            "x": 512,
            "y": 65,
            "hp": 138,
            "gold": 123,
            "exp": 139
        },
        {
            "x": 522,
            "y": 39,
            "hp": 103,
            "gold": 121,
            "exp": 128
        },
        {
            "x": 544,
            "y": 25,
            "hp": 138,
            "gold": 118,
            "exp": 188
        },
        {
            "x": 567,
            "y": 27,
            "hp": 131,
            "gold": 118,
            "exp": 168
        },
        {
            "x": 589,
            "y": 44,
            "hp": 112,
            "gold": 120,
            "exp": 143
        },
        {
            "x": 480,
            "y": 568,
            "hp": 138,
            "gold": 120,
            "exp": 121
        },
        {
            "x": 471,
            "y": 591,
            "hp": 125,
            "gold": 121,
            "exp": 128
        },
        {
            "x": 451,
            "y": 605,
            "hp": 110,
            "gold": 117,
            "exp": 134
        },
        {
            "x": 425,
            "y": 604,
            "hp": 110,
            "gold": 116,
            "exp": 105
        },
        {
            "x": 403,
            "y": 586,
            "hp": 132,
            "gold": 117,
            "exp": 179
        },
        {
            "x": 397,
            "y": 560,
            "hp": 114,
            "gold": 116,
            "exp": 104
        },
        {
            "x": 405,
            "y": 540,
            "hp": 122,
            "gold": 118,
            "exp": 129
        },
        {
            "x": 426,
            "y": 524,
            "hp": 100,
            "gold": 120,
            "exp": 124
        },
        {
            "x": 454,
            "y": 526,
            "hp": 134,
            "gold": 117,
            "exp": 181
        },
        {
            "x": 473,
            "y": 540,
            "hp": 112,
            "gold": 118,
            "exp": 151
        },
        {
            "x": 825,
            "y": 451,
            "hp": 111,
            "gold": 130,
            "exp": 183
        },
        {
            "x": 782,
            "y": 490,
            "hp": 158,
            "gold": 131,
            "exp": 130
        },
        {
            "x": 742,
            "y": 445,
            "hp": 136,
            "gold": 128,
            "exp": 100
        },
        {
            "x": 787,
            "y": 407,
            "hp": 197,
            "gold": 132,
            "exp": 167
        }
    ]
}