{
    "hero": {
        "base_speed": 3200,
        "base_power": 150,
        "base_range": 24,
        "level_speed_coeff": 1,
        "level_power_coeff": 8,
        "level_range_coeff": 2
    },
    "start_x": 309,
    "start_y": 972,
    "width": 555,
    "height": 2222,
    "num_turns": 435,
    "monsters": [
        {
            "x": 428,
            "y": 1117,
            "hp": 114,
            "gold": 123,
            "exp": 117
        },
        {
            "x": 422,
            "y": 1132,
            "hp": 126,
            "gold": 125,
            "exp": 105
        },
        {
            "x": 405,
            "y": 1138,
            "hp": 136,
            "gold": 123,
            "exp": 122
        },
        {
            "x": 390,
            "y": 1131,
            "hp": 111,
            "gold": 124,
            "exp": 150
        },
        {
            "x": 385,
            "y": 1115,
            "hp": 134,
            "gold": 117,
            "exp": 191
        },
        {
            "x": 392,
            "y": 1100,
            "hp": 136,
            "gold": 125,
            "exp": 189
        },
        {
            "x": 408,
            "y": 1095,
            "hp": 100,
            "gold": 123,
            "exp": 173
        },
        {
            "x": 423,
            "y": 1102,
            "hp": 112,
            "gold": 122,
            "exp": 146
        },
        {
            "x": 180,
            "y": 781,
            "hp": 132,
            "gold": 120,
            "exp": 146
        },
        {
            "x": 176,
            "y": 793,
            "hp": 135,
            "gold": 117,
            "exp": 167
        },
        {
            "x": 163,
            "y": 801,
            "hp": 111,
            "gold": 121,
            "exp": 183
        },
        {
            "x": 151,
            "y": 800,
            "hp": 139,
            "gold": 123,
            "exp": 128
        },
        {
            "x": 140,
            "y": 792,
            "hp": 139,
            "gold": 120,
            "exp": 142
        },
        {
            "x": 137,
            "y": 778,
            "hp": 108,
            "gold": 120,
            "exp": 117
        },
        {
            "x": 141,
            "y": 766,
            "hp": 119,
            "gold": 122,
            "exp": 128
        },
        {
            "x": 153,
            "y": 758,
            "hp": 109,
            "gold": 118,
            "exp": 122
        },
        {
            "x": 165,
            "y": 759,
            "hp": 109,
            "gold": 118,
            "exp": 176
        },
        {
            "x": 177,
            "y": 768,
            "hp": 137,
            "gold": 122,
            "exp": 180
        },
        {
            "x": 262,
            "y": 2120,
            "hp": 115,
            "gold": 126,
            "exp": 172
        },
        {
            "x": 253,
            "y": 2137,
            "hp": 113,
            "gold": 123,
            "exp": 177
        },
        {
            "x": 234,
            "y": 2140,
            "hp": 151,
            "gold": 118,
            "exp": 179
        },
        {
            "x": 221,
            "y": 2128,
            "hp": 138,
            "gold": 119,
            "exp": 184
        },
        {
            "x": 221,
            "y": 2108,
            "hp": 127,
            "gold": 124,
            "exp": 121
        },
        {
            "x": 237,
            "y": 2097,
            "hp": 100,
            "gold": 123,
            "exp": 152
        },
        {
            "x": 255,
            "y": 2102,
            "hp": 127,
            "gold": 118,
            "exp": 144
        },
        {
            "x": 188,
            "y": 1897,
            "hp": 136,
            "gold": 121,
            "exp": 178
        },
        {
            "x": 184,
            "y": 1910,
            "hp": 131,
            "gold": 116,
            "exp": 181
        },
        {
            "x": 171,
            "y": 1919,
            "hp": 137,
            "gold": 120,
            "exp": 183
        },
        {
            "x": 157,
            "y": 1918,
            "hp": 115,
            "gold": 123,
            "exp": 153
        },
        {
            "x": 147,
            "y": 1910,
            "hp": 138,
            "gold": 116,
            "exp": 178
        },
        {
            "x": 143,
            "y": 1895,
            "hp": 125,
            "gold": 122,
            "exp": 125
        },
        {
            "x": 147,
            "y": 1882,
            "hp": 104,
            "gold": 118,
            "exp": 154
        },
        {
            "x": 159,
            "y": 1874,
            "hp": 109,
            "gold": 121,
            "exp": 121
        },
        {
            "x": 175,
            "y": 1875,
            "hp": 122,
            "gold": 116,
            "exp": 187
        },
        {
            "x": 185,
            "y": 1884,
            "hp": 134,
            "gold": 117,
            "exp": 188
        },
        {
            "x": 437,
            "y": 700,
            "hp": 130,
            "gold": 118,
            "exp": 120
        },
        {
            "x": 434,
            "y": 711,
            "hp": 128,
            "gold": 122,
            "exp": 133
        },
        {
            "x": 424,
            "y": 719,
            "hp": 100,
            "gold": 117,
            "exp": 148
        },
        {
            "x": 410,
            "y": 721,
            "hp": 131,
            "gold": 117,
            "exp": 181
        },
        {
            "x": 398,
            "y": 715,
            "hp": 127,
            "gold": 117,
            "exp": 183
        },
        {
            "x": 392,
            "y": 704,
            "hp": 105,
            "gold": 121,
            "exp": 161
        },
        {
            "x": 393,
            "y": 690,
            "hp": 110,
            "gold": 122,
            "exp": 193
        },
        {
            "x": 401,
            "y": 680,
            "hp": 113,
            "gold": 119,
            "exp": 184
        },
        {
            "x": 413,
            "y": 676,
            "hp": 115,
            "gold": 117,
            "exp": 192
        },
        {
            "x": 426,
            "y": 679,
            "hp": 135,
            "gold": 121,
            "exp": 158
        },
        {
            "x": 434,
            "y": 687,
            "hp": 102,
            "gold": 119,
            "exp": 113
        },
        {
            "x": 511,
            "y": 151,
            "hp": 126,
            "gold": 120,
            "exp": 134
        },
        {
            "x": 507,
            "y": 164,
            "hp": 124,
            "gold": 116,
            "exp": 105
        },
        {
            "x": 499,
            "y": 172,
            "hp": 100,
            "gold": 117,
            "exp": 110
        },
        {
            "x": 486,
            "y": 174,
            "hp": 105,
            "gold": 122,
            "exp": 144
        },
        {
            "x": 475,
            "y": 171,
            "hp": 109,
            "gold": 121,
            "exp": 168
        },
        {
            "x": 466,
            "y": 161,
            "hp": 122,
            "gold": 115,
            "exp": 163
        },
        {
            "x": 464,
            "y": 150,
            "hp": 113,
            "gold": 121,
            "exp": 131
        },
        {
            "x": 468,
            "y": 137,
            "hp": 113,
            "gold": 115,
            "exp": 152
        },
        {
            "x": 476,
            "y": 130,
            "hp": 113,
            "gold": 117,
            "exp": 106
        },
        {
            "x": 488,
            "y": 127,
            "hp": 122,
            "gold": 120,
            "exp": 177
        },
        {
            "x": 501,
            "y": 130,
            "hp": 114,
            "gold": 121,
            "exp": 185
        },
        {
            "x": 509,
            "y": 139,
            "hp": 102,
            "gold": 122,
            "exp": 165
        },
        {
            "x": 513,
            "y": 459,
            "hp": 111,
            "gold": 116,
            "exp": 192
        },
        {
            "x": 509,
            "y": 473,
            "hp": 118,
            "gold": 123,
            "exp": 193
        },
        {
            "x": 498,
            "y": 481,
            "hp": 113,
            "gold": 122,
            "exp": 162
        },
        {
            "x": 484,
            "y": 482,
            "hp": 134,
            "gold": 116,
            "exp": 144
        },
        {
            "x": 474,
            "y": 477,
            "hp": 113,
            "gold": 119,
            "exp": 115
        },
        {
            "x": 466,
            "y": 463,
            "hp": 115,
            "gold": 118,
            "exp": 196
        },
        {
            "x": 466,
            "y": 452,
            "hp": 111,
            "gold": 122,
            "exp": 126
        },
        {
            "x": 476,
            "y": 439,
            "hp": 116,
            "gold": 116,
            "exp": 114
        },
        {
            "x": 488,
            "y": 435,
            "hp": 101,
            "gold": 120,
            "exp": 108
        },
        {
            "x": 501,
            "y": 438,
            "hp": 128,
            "gold": 118,
            "exp": 152
        },
        {
            "x": 510,
            "y": 446,
            "hp": 121,
            "gold": 118,
            "exp": 188
        },
        {
            "x": 372,
            "y": 1607,
            "hp": 128,
            "gold": 121,
            "exp": 112
        },
        {
            "x": 365,
            "y": 1623,
            "hp": 102,
            "gold": 125,
            "exp": 185
        },
        {
            "x": 347,
            "y": 1629,
            "hp": 131,
            "gold": 123,
            "exp": 193
        },
        {
            "x": 331,
            "y": 1622,
            "hp": 117,
            "gold": 124,
            "exp": 110
        },
        {
            "x": 325,
            "y": 1605,
            "hp": 119,
            "gold": 122,
            "exp": 150
        },
        {
            "x": 333,
            "y": 1588,
            "hp": 119,
            "gold": 121,
            "exp": 129
        },
        {
            "x": 350,
            "y": 1582,
            "hp": 132,
            "gold": 120,
            "exp": 119
        },
        {
            "x": 366,
            "y": 1589,
            "hp": 117,
            "gold": 125,
            "exp": 186
        },
        {
            "x": 109,
            "y": 550,
            "hp": 123,
            "gold": 117,
            "exp": 154
        },
        {
            "x": 103,
            "y": 565,
            "hp": 120,
            "gold": 123,
            "exp": 159
        },
        {
            "x": 88,
            "y": 572,
            "hp": 104,
            "gold": 121,
            "exp": 160
        },
        {
            "x": 72,
            "y": 568,
            "hp": 104,
            "gold": 116,
            "exp": 114
        },
        {
            "x": 62,
            "y": 555,
            "hp": 127,
            "gold": 119,
            "exp": 189
        },
        {
            "x": 63,
            "y": 540,
            "hp": 107,
            "gold": 116,
            "exp": 131
        },
        {
            "x": 75,
            "y": 527,
            "hp": 130,
            "gold": 123,
            "exp": 175
        },
        {
            "x": 92,
            "y": 525,
            "hp": 104,
            "gold": 123,
            "exp": 189
        },
        {
            "x": 105,
            "y": 534,
            "hp": 115,
            "gold": 124,
            "exp": 122
        },
        {
            "x": 337,
            "y": 1456,
            "hp": 125,
            "gold": 127,
            "exp": 142
        },
        {
            "x": 324,
            "y": 1477,
            "hp": 106,
            "gold": 126,
            "exp": 162
        },
        {
            "x": 299,
            "y": 1475,
            "hp": 100,
            "gold": 122,
            "exp": 111
        },
        {
            "x": 288,
            "y": 1454,
            "hp": 166,
            "gold": 123,
            "exp": 119
        },
        {
            "x": 302,
            "y": 1432,
            "hp": 115,
            "gold": 128,
            "exp": 173
        },
        {
            "x": 326,
            "y": 1433,
            "hp": 143,
            "gold": 127,
            "exp": 113
        },
        {
            "x": 283,
            "y": 1503,
            "hp": 161,
            "gold": 121,
            "exp": 150
        },
        {
            "x": 270,
            "y": 1524,
            "hp": 142,
            "gold": 127,
            "exp": 135
        },
        {
            "x": 246,
            "y": 1523,
            "hp": 149,
            "gold": 122,
            "exp": 181
        },
        {
            "x": 234,
            "y": 1500,
            "hp": 148,
            "gold": 122,
            "exp": 177
        },
        {
            "x": 248,
            "y": 1479,
            "hp": 105,
            "gold": 122,
            "exp": 116
        },
        {
            "x": 272,
            "y": 1481,
            "hp": 109,
            "gold": 123,
            "exp": 130
        },
        {
            "x": 541,
            "y": 1992,
            "hp": 106,
            "gold": 115,
            "exp": 155
        },
        {
            "x": 537,
            "y": 2005,
            "hp": 100,
            "gold": 119,
            "exp": 101
        },
        {
            "x": 527,
            "y": 2014,
            "hp": 103,
            "gold": 118,
            "exp": 132
        },
        {
            "x": 516,
            "y": 2016,
            "hp": 123,
            "gold": 120,
            "exp": 117
        },
        {
            "x": 504,
            "y": 2013,
            "hp": 113,
            "gold": 119,
            "exp": 175
        },
        {
            "x": 494,
            "y": 2003,
            "hp": 111,
            "gold": 116,
            "exp": 155
        },
        {
            "x": 492,
            "y": 1991,
            "hp": 110,
            "gold": 117,
            "exp": 118
        },
        {
            "x": 495,
            "y": 1979,
            "hp": 125,
            "gold": 121,
            "exp": 103
        },
        {
            "x": 505,
            "y": 1969,
            "hp": 128,
            "gold": 118,
            "exp": 168
        },
        {
            "x": 518,
            "y": 1967,
            "hp": 103,
            "gold": 121,
            "exp": 152
        },
        {
            "x": 530,
            "y": 1971,
            "hp": 112,
            "gold": 117,
            "exp": 183
        },
        {
            "x": 539,
            "y": 1980,
            "hp": 108,
            "gold": 119,
            "exp": 126
        },
        {
            "x": 223,
            "y": 1632,
            "hp": 141,
            "gold": 123,
            "exp": 114
        },
        {
            "x": 214,
            "y": 1651,
            "hp": 121,
            "gold": 122,
            "exp": 143
        },
        {
            "x": 192,
            "y": 1656,
            "hp": 154,
            "gold": 118,
            "exp": 131
        },
        {
            "x": 176,
            "y": 1642,
            "hp": 122,
            "gold": 123,
            "exp": 162
        },
        {
            "x": 176,
            "y": 1620,
            "hp": 145,
            "gold": 124,
            "exp": 142
        },
        {
            "x": 195,
            "y": 1607,
            "hp": 106,
            "gold": 121,
            "exp": 162
        },
        {
            "x": 216,
            "y": 1613,
            "hp": 114,
            "gold": 124,
            "exp": 115
        },
        {
            "x": 423,
            "y": 1593,
            "hp": 139,
            "gold": 119,
            "exp": 104
        },
        {
            "x": 413,
            "y": 1611,
            "hp": 134,
            "gold": 125,
            "exp": 122
        },
        {
            "x": 391,
            "y": 1614,
            "hp": 130,
            "gold": 123,
            "exp": 147
        },
        {
            "x": 375,
            "y": 1599,
            "hp": 139,
            "gold": 124,
            "exp": 114
        },
        {
            "x": 377,
            "y": 1578,
            "hp": 129,
            "gold": 120,
            "exp": 105
        },
        {
            "x": 393,
            "y": 1566,
            "hp": 108,
            "gold": 118,
            "exp": 184
        },
        {
            "x": 416,
            "y": 1572,
            "hp": 138,
            "gold": 126,
            "exp": 120
        },
        {
            "x": 136,
            "y": 980,
            "hp": 109,
            "gold": 117,
            "exp": 191
        },
        {
            "x": 132,
            "y": 993,
            "hp": 113,
            "gold": 118,
            "exp": 149
        },
        {
            "x": 123,
            "y": 1002,
            "hp": 120,
            "gold": 115,
            "exp": 159
        },
        {
            "x": 111,
            "y": 1004,
            "hp": 131,
            "gold": 115,
            "exp": 151
        },
        {
            "x": 98,
            "y": 1000,
            "hp": 123,
            "gold": 120,
            "exp": 152
        },
        {
            "x": 89,
            "y": 990,
            "hp": 110,
            "gold": 117,
            "exp": 178
        },
        {
            "x": 87,
            "y": 979,
            "hp": 105,
            "gold": 115,
            "exp": 197
        },
        {
            "x": 90,
            "y": 967,
            "hp": 123,
            "gold": 121,
            "exp": 164
        },
        {
            "x": 100,
            "y": 957,
            "hp": 115,
            "gold": 116,
            "exp": 105
        },
        {
            "x": 112,
            "y": 955,
            "hp": 115,
            "gold": 115,
            "exp": 156
        },
        {
            "x": 124,
            "y": 958,
            "hp": 112,
            "gold": 121,
            "exp": 165
        },
        {
            "x": 134,
            "y": 969,
            "hp": 127,
            "gold": 117,
            "exp": 182
        },
        {
            "x": 106,
            "y": 303,
            "hp": 121,
            "gold": 125,
            "exp": 110
        },
        {
            "x": 95,
            "y": 323,
            "hp": 103,
            "gold": 122,
            "exp": 169
        },
        {
            "x": 74,
            "y": 326,
            "hp": 115,
            "gold": 119,
            "exp": 123
        },
        {
            "x": 58,
            "y": 312,
            "hp": 149,
            "gold": 120,
            "exp": 139
        },
        {
            "x": 60,
            "y": 290,
            "hp": 150,
            "gold": 118,
            "exp": 128
        },
        {
            "x": 78,
            "y": 278,
            "hp": 104,
            "gold": 125,
            "exp": 190
        },
        {
            "x": 98,
            "y": 284,
            "hp": 149,
            "gold": 125,
            "exp": 193
        },
        {
            "x": 413,
            "y": 1491,
            "hp": 112,
            "gold": 121,
            "exp": 162
        },
        {
            "x": 407,
            "y": 1506,
            "hp": 110,
            "gold": 118,
            "exp": 101
        },
        {
            "x": 395,
            "y": 1514,
            "hp": 102,
            "gold": 121,
            "exp": 152
        },
        {
            "x": 378,
            "y": 1514,
            "hp": 112,
            "gold": 118,
            "exp": 180
        },
        {
            "x": 366,
            "y": 1505,
            "hp": 103,
            "gold": 120,
            "exp": 114
        },
        {
            "x": 362,
            "y": 1488,
            "hp": 120,
            "gold": 120,
            "exp": 172
        },
        {
            "x": 367,
            "y": 1474,
            "hp": 102,
            "gold": 119,
            "exp": 150
        },
        {
            "x": 381,
            "y": 1464,
            "hp": 120,
            "gold": 123,
            "exp": 151
        },
        {
            "x": 396,
            "y": 1465,
            "hp": 124,
            "gold": 121,
            "exp": 194
        },
        {
            "x": 409,
            "y": 1475,
            "hp": 118,
            "gold": 120,
            "exp": 144
        },
        {
            "x": 364,
            "y": 2171,
            "hp": 132,
            "gold": 122,
            "exp": 179
        },
        {
            "x": 357,
            "y": 2188,
            "hp": 144,
            "gold": 124,
            "exp": 170
        },
        {
            "x": 338,
            "y": 2195,
            "hp": 128,
            "gold": 120,
            "exp": 126
        },
        {
            "x": 319,
            "y": 2187,
            "hp": 124,
            "gold": 121,
            "exp": 196
        },
        {
            "x": 313,
            "y": 2169,
            "hp": 135,
            "gold": 123,
            "exp": 116
        },
        {
            "x": 321,
            "y": 2150,
            "hp": 107,
            "gold": 118,
            "exp": 134
        },
        {
            "x": 339,
            "y": 2144,
            "hp": 111,
            "gold": 119,
            "exp": 112
        },
        {
            "x": 358,
            "y": 2152,
            "hp": 135,
            "gold": 121,
            "exp": 130
        },
        {
            "x": 244,
            "y": 537,
            "hp": 112,
            "gold": 116,
            "exp": 150
        },
        {
            "x": 239,
            "y": 552,
            "hp": 105,
            "gold": 119,
            "exp": 124
        },
        {
            "x": 226,
            "y": 561,
            "hp": 124,
            "gold": 118,
            "exp": 117
        },
        {
            "x": 209,
            "y": 561,
            "hp": 124,
            "gold": 117,
            "exp": 118
        },
        {
            "x": 197,
            "y": 551,
            "hp": 137,
            "gold": 118,
            "exp": 146
        },
        {
            "x": 193,
            "y": 535,
            "hp": 122,
            "gold": 116,
            "exp": 176
        },
        {
            "x": 199,
            "y": 519,
            "hp": 101,
            "gold": 122,
            "exp": 107
        },
        {
            "x": 211,
            "y": 512,
            "hp": 115,
            "gold": 117,
            "exp": 176
        },
        {
            "x": 228,
            "y": 512,
            "hp": 118,
            "gold": 117,
            "exp": 134
        },
        {
            "x": 241,
            "y": 523,
            "hp": 111,
            "gold": 118,
            "exp": 102
        },
        {
            "x": 323,
            "y": 1494,
            "hp": 148,
            "gold": 125,
            "exp": 111
        },
        {
            "x": 310,
            "y": 1516,
            "hp": 109,
            "gold": 127,
            "exp": 141
        },
        {
            "x": 282,
            "y": 1515,
            "hp": 165,
            "gold": 123,
            "exp": 174
        },
        {
            "x": 272,
            "y": 1492,
            "hp": 145,
            "gold": 123,
            "exp": 182
        },
        {
            "x": 286,
            "y": 1470,
            "hp": 127,
            "gold": 124,
            "exp": 183
        },
        {
            "x": 312,
            "y": 1472,
            "hp": 131,
            "gold": 126,
            "exp": 134
        },
        {
            "x": 469,
            "y": 2037,
            "hp": 126,
            "gold": 118,
            "exp": 135
        },
        {
            "x": 460,
            "y": 2055,
            "hp": 153,
            "gold": 119,
            "exp": 141
        },
        {
            "x": 436,
            "y": 2059,
            "hp": 144,
            "gold": 121,
            "exp": 129
        },
        {
            "x": 419,
            "y": 2044,
            "hp": 154,
            "gold": 120,
            "exp": 170
        },
        {
            "x": 421,
            "y": 2022,
            "hp": 144,
            "gold": 118,
            "exp": 156
        },
        {
            "x": 440,
            "y": 2009,
            "hp": 118,
            "gold": 121,
            "exp": 131
        },
        {
            "x": 460,
            "y": 2014,
            "hp": 136,
            "gold": 119,
            "exp": 175
        },
        {
            "x": 427,
            "y": 2086,
            "hp": 119,
            "gold": 122,
            "exp": 191
        },
        {
            "x": 421,
            "y": 2102,
            "hp": 104,
            "gold": 117,
            "exp": 120
        },
        {
            "x": 406,
            "y": 2110,
            "hp": 138,
            "gold": 120,
            "exp": 171
        },
        {
            "x": 388,
            "y": 2107,
            "hp": 106,
            "gold": 124,
            "exp": 118
        },
        {
            "x": 377,
            "y": 2093,
            "hp": 102,
            "gold": 124,
            "exp": 103
        },
        {
            "x": 377,
            "y": 2075,
            "hp": 141,
            "gold": 121,
            "exp": 158
        },
        {
            "x": 391,
            "y": 2061,
            "hp": 134,
            "gold": 119,
            "exp": 103
        },
        {
            "x": 408,
            "y": 2059,
            "hp": 112,
            "gold": 123,
            "exp": 146
        },
        {
            "x": 423,
            "y": 2069,
            "hp": 120,
            "gold": 120,
            "exp": 106
        },
        {
            "x": 381,
            "y": 1716,
            "hp": 112,
            "gold": 116,
            "exp": 178
        },
        {
            "x": 376,
            "y": 1730,
            "hp": 100,
            "gold": 120,
            "exp": 138
        },
        {
            "x": 361,
            "y": 1739,
            "hp": 122,
            "gold": 119,
            "exp": 156
        },
        {
            "x": 346,
            "y": 1738,
            "hp": 108,
            "gold": 123,
            "exp": 109
        },
        {
            "x": 334,
            "y": 1728,
            "hp": 119,
            "gold": 123,
            "exp": 182
        },
        {
            "x": 330,
            "y": 1713,
            "hp": 137,
            "gold": 121,
            "exp": 120
        },
        {
            "x": 336,
            "y": 1696,
            "hp": 108,
            "gold": 117,
            "exp": 174
        },
        {
            "x": 348,
            "y": 1689,
            "hp": 116,
            "gold": 121,
            "exp": 142
        },
        {
            "x": 365,
            "y": 1689,
            "hp": 137,
            "gold": 122,
            "exp": 192
        },
        {
            "x": 377,
            "y": 1698,
            "hp": 123,
            "gold": 120,
            "exp": 124
        },
        {
            "x": 408,
            "y": 1952,
            "hp": 125,
            "gold": 119,
            "exp": 153
        },
        {
            "x": 402,
            "y": 1967,
            "hp": 125,
            "gold": 117,
            "exp": 125
        },
        {
            "x": 389,
            "y": 1976,
            "hp": 113,
            "gold": 117,
            "exp": 151
        },
        {
            "x": 374,
            "y": 1975,
            "hp": 104,
            "gold": 116,
            "exp": 149
        },
        {
            "x": 361,
            "y": 1965,
            "hp": 134,
            "gold": 117,
            "exp": 198
        },
        {
            "x": 357,
            "y": 1948,
            "hp": 120,
            "gold": 119,
            "exp": 191
        },
        {
            "x": 362,
            "y": 1934,
            "hp": 132,
            "gold": 118,
            "exp": 172
        },
        {
            "x": 376,
            "y": 1925,
            "hp": 107,
            "gold": 118,
            "exp": 125
        },
        {
            "x": 392,
            "y": 1926,
            "hp": 114,
            "gold": 116,
            "exp": 134
        },
        {
            "x": 404,
            "y": 1936,
            "hp": 116,
            "gold": 123,
            "exp": 157
        },
        {
            "x": 104,
            "y": 638,
            "hp": 147,
            "gold": 125,
            "exp": 159
        },
        {
            "x": 93,
            "y": 659,
            "hp": 110,
            "gold": 118,
            "exp": 164
        },
        {
            "x": 70,
            "y": 662,
            "hp": 109,
            "gold": 119,
            "exp": 105
        },
        {
            "x": 55,
            "y": 648,
            "hp": 107,
            "gold": 119,
            "exp": 167
        },
        {
            "x": 56,
            "y": 624,
            "hp": 155,
            "gold": 123,
            "exp": 188
        },
        {
            "x": 74,
            "y": 612,
            "hp": 119,
            "gold": 121,
            "exp": 103
        },
        {
            "x": 96,
            "y": 618,
            "hp": 129,
            "gold": 124,
            "exp": 164
        },
        {
            "x": 194,
            "y": 1859,
            "hp": 142,
            "gold": 124,
            "exp": 100
        },
        {
            "x": 188,
            "y": 1875,
            "hp": 129,
            "gold": 122,
            "exp": 113
        },
        {
            "x": 172,
            "y": 1883,
            "hp": 128,
            "gold": 117,
            "exp": 135
        },
        {
            "x": 155,
            "y": 1880,
            "hp": 119,
            "gold": 124,
            "exp": 100
        },
        {
            "x": 144,
            "y": 1865,
            "hp": 118,
            "gold": 121,
            "exp": 196
        },
        {
            "x": 144,
            "y": 1848,
            "hp": 110,
            "gold": 116,
            "exp": 173
        },
        {
            "x": 156,
            "y": 1835,
            "hp": 104,
            "gold": 120,
            "exp": 146
        },
        {
            "x": 175,
            "y": 1832,
            "hp": 102,
            "gold": 120,
            "exp": 161
        },
        {
            "x": 189,
            "y": 1842,
            "hp": 100,
            "gold": 118,
            "exp": 198
        },
        {
            "x": 394,
            "y": 668,
            "hp": 143,
            "gold": 123,
            "exp": 135
        },
        {
            "x": 384,
            "y": 687,
            "hp": 120,
            "gold": 125,
            "exp": 176
        },
        {
            "x": 361,
            "y": 692,
            "hp": 138,
            "gold": 126,
            "exp": 165
        },
        {
            "x": 343,
            "y": 677,
            "hp": 122,
            "gold": 122,
            "exp": 152
        },
        {
            "x": 343,
            "y": 653,
            "hp": 108,
            "gold": 126,
            "exp": 198
        },
        {
            "x": 364,
            "y": 639,
            "hp": 153,
            "gold": 126,
            "exp": 176
        },
        {
            "x": 386,
            "y": 646,
            "hp": 119,
            "gold": 124,
            "exp": 136
        },
        {
            "x": 333,
            "y": 1255,
            "hp": 124,
            "gold": 118,
            "exp": 195
        },
        {
            "x": 327,
            "y": 1271,
            "hp": 103,
            "gold": 117,
            "exp": 119
        },
        {
            "x": 315,
            "y": 1279,
            "hp": 103,
            "gold": 121,
            "exp": 139
        },
        {
            "x": 296,
            "y": 1278,
            "hp": 121,
            "gold": 119,
            "exp": 171
        },
        {
            "x": 285,
            "y": 1269,
            "hp": 127,
            "gold": 123,
            "exp": 135
        },
        {
            "x": 280,
            "y": 1251,
            "hp": 108,
            "gold": 116,
            "exp": 188
        },
        {
            "x": 285,
            "y": 1237,
            "hp": 104,
            "gold": 116,
            "exp": 123
        },
        {
            "x": 299,
            "y": 1228,
            "hp": 136,
            "gold": 123,
            "exp": 167
        },
        {
            "x": 316,
            "y": 1228,
            "hp": 105,
            "gold": 118,
            "exp": 112
        },
        {
            "x": 329,
            "y": 1238,
            "hp": 118,
            "gold": 122,
            "exp": 198
        },
        {
            "x": 555,
            "y": 30,
            "hp": 125,
            "gold": 125,
            "exp": 109
        },
        {
            "x": 550,
            "y": 50,
            "hp": 140,
            "gold": 125,
            "exp": 184
        },
        {
            "x": 527,
            "y": 54,
            "hp": 100,
            "gold": 121,
            "exp": 170
        },
        {
            "x": 509,
            "y": 38,
            "hp": 102,
            "gold": 120,
            "exp": 180
        },
        {
            "x": 511,
            "y": 15,
            "hp": 104,
            "gold": 119,
            "exp": 144
        },
        {
            "x": 529,
            "y": 2,
            "hp": 121,
            "gold": 118,
            "exp": 125
        },
        {
            "x": 552,
            "y": 8,
            "hp": 103,
            "gold": 123,
            "exp": 141
        },
        {
            "x": 40,
            "y": 317,
            "hp": 113,
            "gold": 121,
            "exp": 179
        },
        {
            "x": 30,
            "y": 338,
            "hp": 155,
            "gold": 121,
            "exp": 196
        },
        {
            "x": 5,
            "y": 342,
            "hp": 116,
            "gold": 121,
            "exp": 147
        },
        {
            "x": 0,
            "y": 327,
            "hp": 127,
            "gold": 124,
            "exp": 126
        },
        {
            "x": 0,
            "y": 303,
            "hp": 133,
            "gold": 119,
            "exp": 155
        },
        {
            "x": 9,
            "y": 290,
            "hp": 103,
            "gold": 124,
            "exp": 177
        },
        {
            "x": 32,
            "y": 296,
            "hp": 100,
            "gold": 123,
            "exp": 133
        },
        {
            "x": 176,
            "y": 2194,
            "hp": 105,
            "gold": 118,
            "exp": 105
        },
        {
            "x": 167,
            "y": 2213,
            "hp": 118,
            "gold": 122,
            "exp": 104
        },
        {
            "x": 148,
            "y": 2219,
            "hp": 129,
            "gold": 120,
            "exp": 174
        },
        {
            "x": 130,
            "y": 2211,
            "hp": 107,
            "gold": 120,
            "exp": 187
        },
        {
            "x": 123,
            "y": 2191,
            "hp": 131,
            "gold": 118,
            "exp": 123
        },
        {
            "x": 132,
            "y": 2172,
            "hp": 127,
            "gold": 120,
            "exp": 162
        },
        {
            "x": 151,
            "y": 2166,
            "hp": 147,
            "gold": 124,
            "exp": 186
        },
        {
            "x": 170,
            "y": 2174,
            "hp": 103,
            "gold": 125,
            "exp": 118
        },
        {
            "x": 134,
            "y": 1183,
            "hp": 120,
            "gold": 118,
            "exp": 135
        },
        {
            "x": 129,
            "y": 1196,
            "hp": 114,
            "gold": 119,
            "exp": 154
        },
        {
            "x": 114,
            "y": 1207,
            "hp": 131,
            "gold": 117,
            "exp": 104
        },
        {
            "x": 99,
            "y": 1206,
            "hp": 110,
            "gold": 121,
            "exp": 129
        },
        {
            "x": 85,
            "y": 1195,
            "hp": 102,
            "gold": 120,
            "exp": 142
        },
        {
            "x": 81,
            "y": 1178,
            "hp": 107,
            "gold": 116,
            "exp": 190
        },
        {
            "x": 86,
            "y": 1164,
            "hp": 138,
            "gold": 118,
            "exp": 157
        },
        {
            "x": 100,
            "y": 1154,
            "hp": 113,
            "gold": 123,
            "exp": 125
        },
        {
            "x": 117,
            "y": 1155,
            "hp": 111,
            "gold": 117,
            "exp": 135
        },
        {
            "x": 129,
            "y": 1165,
            "hp": 136,
            "gold": 123,
            "exp": 189
        },
        {
            "x": 368,
            "y": 1300,
            "hp": 121,
            "gold": 116,
            "exp": 120
        },
        {
            "x": 364,
            "y": 1312,
            "hp": 111,
            "gold": 117,
            "exp": 158
        },
        {
            "x": 354,
            "y": 1322,
            "hp": 114,
            "gold": 119,
            "exp": 121
        },
        {
            "x": 339,
            "y": 1324,
            "hp": 104,
            "gold": 120,
            "exp": 130
        },
        {
            "x": 327,
            "y": 1320,
            "hp": 112,
            "gold": 121,
            "exp": 198
        },
        {
            "x": 317,
            "y": 1309,
            "hp": 124,
            "gold": 120,
            "exp": 157
        },
        {
            "x": 315,
            "y": 1297,
            "hp": 107,
            "gold": 116,
            "exp": 144
        },
        {
            "x": 319,
            "y": 1283,
            "hp": 128,
            "gold": 122,
            "exp": 115
        },
        {
            "x": 330,
            "y": 1273,
            "hp": 130,
            "gold": 117,
            "exp": 121
        },
        {
            "x": 342,
            "y": 1271,
            "hp": 124,
            "gold": 115,
            "exp": 156
        },
        {
            "x": 356,
            "y": 1275,
            "hp": 111,
            "gold": 122,
            "exp": 104
        },
        {
            "x": 365,
            "y": 1284,
            "hp": 120,
            "gold": 122,
            "exp": 173
        },
        {
            "x": 508,
            "y": 2065,
            "hp": 115,
            "gold": 125,
            "exp": 127
        },
        {
            "x": 499,
            "y": 2085,
            "hp": 126,
            "gold": 119,
            "exp": 180
        },
        {
            "x": 480,
            "y": 2091,
            "hp": 111,
            "gold": 121,
            "exp": 165
        },
        {
            "x": 461,
            "y": 2082,
            "hp": 130,
            "gold": 123,
            "exp": 117
        },
        {
            "x": 455,
            "y": 2063,
            "hp": 112,
            "gold": 122,
            "exp": 109
        },
        {
            "x": 464,
            "y": 2044,
            "hp": 146,
            "gold": 121,
            "exp": 125
        },
        {
            "x": 482,
            "y": 2038,
            "hp": 111,
            "gold": 119,
            "exp": 163
        },
        {
            "x": 501,
            "y": 2045,
            "hp": 137,
            "gold": 117,
            "exp": 132
        },
        {
            "x": 239,
            "y": 1235,
            "hp": 151,
            "gold": 124,
            "exp": 160
        },
        {
            "x": 228,
            "y": 1255,
            "hp": 118,
            "gold": 118,
            "exp": 113
        },
        {
            "x": 205,
            "y": 1259,
            "hp": 100,
            "gold": 121,
            "exp": 162
        },
        {
            "x": 188,
            "y": 1245,
            "hp": 104,
            "gold": 123,
            "exp": 161
        },
        {
            "x": 189,
            "y": 1220,
            "hp": 138,
            "gold": 118,
            "exp": 131
        },
        {
            "x": 208,
            "y": 1207,
            "hp": 131,
            "gold": 120,
            "exp": 119
        },
        {
            "x": 231,
            "y": 1214,
            "hp": 114,
            "gold": 124,
            "exp": 128
        },
        {
            "x": 97,
            "y": 65,
            "hp": 116,
            "gold": 116,
            "exp": 199
        },
        {
            "x": 93,
            "y": 78,
            "hp": 101,
            "gold": 119,
            "exp": 130
        },
        {
            "x": 82,
            "y": 88,
            "hp": 132,
            "gold": 120,
            "exp": 157
        },
        {
            "x": 69,
            "y": 90,
            "hp": 124,
            "gold": 122,
            "exp": 130
        },
        {
            "x": 55,
            "y": 85,
            "hp": 132,
            "gold": 117,
            "exp": 178
        },
        {
            "x": 46,
            "y": 76,
            "hp": 115,
            "gold": 120,
            "exp": 144
        },
        {
            "x": 44,
            "y": 62,
            "hp": 111,
            "gold": 120,
            "exp": 142
        },
        {
            "x": 48,
            "y": 49,
            "hp": 113,
            "gold": 118,
            "exp": 163
        },
        {
            "x": 58,
            "y": 39,
            "hp": 114,
            "gold": 117,
            "exp": 121
        },
        {
            "x": 72,
            "y": 37,
            "hp": 107,
            "gold": 122,
            "exp": 184
        },
        {
            "x": 84,
            "y": 40,
            "hp": 102,
            "gold": 116,
            "exp": 175
        },
        {
            "x": 95,
            "y": 52,
            "hp": 112,
            "gold": 119,
            "exp": 144
        },
        {
            "x": 290,
            "y": 1701,
            "hp": 149,
            "gold": 125,
            "exp": 156
        },
        {
            "x": 282,
            "y": 1720,
            "hp": 101,
            "gold": 117,
            "exp": 172
        },
        {
            "x": 261,
            "y": 1727,
            "hp": 101,
            "gold": 123,
            "exp": 193
        },
        {
            "x": 244,
            "y": 1719,
            "hp": 142,
            "gold": 123,
            "exp": 143
        },
        {
            "x": 237,
            "y": 1699,
            "hp": 149,
            "gold": 120,
            "exp": 142
        },
        {
            "x": 244,
            "y": 1681,
            "hp": 117,
            "gold": 117,
            "exp": 176
        },
        {
            "x": 266,
            "y": 1674,
            "hp": 102,
            "gold": 117,
            "exp": 197
        },
        {
            "x": 283,
            "y": 1682,
            "hp": 131,
            "gold": 120,
            "exp": 116
        },
        {
            "x": 230,
            "y": 1164,
            "hp": 139,
            "gold": 125,
            "exp": 150
        },
        {
            "x": 221,
            "y": 1183,
            "hp": 143,
            "gold": 123,
            "exp": 189
        },
        {
            "x": 202,
            "y": 1189,
            "hp": 127,
            "gold": 125,
            "exp": 107
        },
        {
            "x": 183,
            "y": 1180,
            "hp": 121,
            "gold": 120,
            "exp": 172
        },
        {
            "x": 177,
            "y": 1160,
            "hp": 102,
            "gold": 124,
            "exp": 121
        },
        {
            "x": 186,
            "y": 1142,
            "hp": 143,
            "gold": 120,
            "exp": 158
        },
        {
            "x": 204,
            "y": 1136,
            "hp": 134,
            "gold": 122,
            "exp": 114
        },
        {
            "x": 224,
            "y": 1145,
            "hp": 122,
            "gold": 122,
            "exp": 103
        },
        {
            "x": 318,
            "y": 785,
            "hp": 117,
            "gold": 121,
            "exp": 131
        },
        {
            "x": 307,
            "y": 805,
            "hp": 143,
            "gold": 122,
            "exp": 197
        },
        {
            "x": 284,
            "y": 810,
            "hp": 139,
            "gold": 123,
            "exp": 115
        },
        {
            "x": 264,
            "y": 792,
            "hp": 146,
            "gold": 124,
            "exp": 106
        },
        {
            "x": 265,
            "y": 770,
            "hp": 128,
            "gold": 122,
            "exp": 187
        },
        {
            "x": 286,
            "y": 755,
            "hp": 127,
            "gold": 122,
            "exp": 175
        },
        {
            "x": 310,
            "y": 762,
            "hp": 132,
            "gold": 120,
            "exp": 106
        },
        {
            "x": 218,
            "y": 384,
            "hp": 121,
            "gold": 127,
            "exp": 174
        },
        {
            "x": 203,
            "y": 407,
            "hp": 156,
            "gold": 128,
            "exp": 132
        },
        {
            "x": 174,
            "y": 405,
            "hp": 114,
            "gold": 126,
            "exp": 135
        },
        {
            "x": 163,
            "y": 380,
            "hp": 157,
            "gold": 120,
            "exp": 167
        },
        {
            "x": 179,
            "y": 357,
            "hp": 116,
            "gold": 120,
            "exp": 179
        },
        {
            "x": 206,
            "y": 359,
            "hp": 155,
            "gold": 127,
            "exp": 152
        },
        {
            "x": 341,
            "y": 141,
            "hp": 126,
            "gold": 120,
            "exp": 194
        },
        {
            "x": 337,
            "y": 154,
            "hp": 104,
            "gold": 116,
            "exp": 112
        },
        {
            "x": 327,
            "y": 164,
            "hp": 114,
            "gold": 120,
            "exp": 184
        },
        {
            "x": 311,
            "y": 167,
            "hp": 105,
            "gold": 121,
            "exp": 131
        },
        {
            "x": 298,
            "y": 162,
            "hp": 100,
            "gold": 120,
            "exp": 176
        },
        {
            "x": 288,
            "y": 151,
            "hp": 114,
            "gold": 118,
            "exp": 145
        },
        {
            "x": 286,
            "y": 139,
            "hp": 115,
            "gold": 117,
            "exp": 175
        },
        {
            "x": 290,
            "y": 125,
            "hp": 126,
            "gold": 115,
            "exp": 133
        },
        {
            "x": 300,
            "y": 115,
            "hp": 130,
            "gold": 117,
            "exp": 139
        },
        {
            "x": 316,
            "y": 112,
            "hp": 109,
            "gold": 116,
            "exp": 181
        },
        {
            "x": 329,
            "y": 116,
            "hp": 111,
            "gold": 117,
            "exp": 115
        },
        {
            "x": 339,
            "y": 128,
            "hp": 112,
            "gold": 119,
            "exp": 124
        },
        {
            "x": 172,
            "y": 594,
            "hp": 105,
            "gold": 121,
            "exp": 118
        },
        {
            "x": 168,
            "y": 607,
            "hp": 135,
            "gold": 119,
            "exp": 119
        },
        {
            "x": 155,
            "y": 617,
            "hp": 115,
            "gold": 122,
            "exp": 102
        },
        {
            "x": 138,
            "y": 619,
            "hp": 103,
            "gold": 118,
            "exp": 160
        },
        {
            "x": 124,
            "y": 611,
            "hp": 105,
            "gold": 116,
            "exp": 155
        },
        {
            "x": 117,
            "y": 597,
            "hp": 111,
            "gold": 116,
            "exp": 123
        },
        {
            "x": 118,
            "y": 583,
            "hp": 101,
            "gold": 116,
            "exp": 123
        },
        {
            "x": 126,
            "y": 570,
            "hp": 100,
            "gold": 120,
            "exp": 192
        },
        {
            "x": 143,
            "y": 564,
            "hp": 115,
            "gold": 117,
            "exp": 122
        },
        {
            "x": 157,
            "y": 567,
            "hp": 134,
            "gold": 123,
            "exp": 115
        },
        {
            "x": 169,
            "y": 579,
            "hp": 101,
            "gold": 120,
            "exp": 103
        },
        {
            "x": 527,
            "y": 703,
            "hp": 133,
            "gold": 125,
            "exp": 147
        },
        {
            "x": 515,
            "y": 724,
            "hp": 133,
            "gold": 120,
            "exp": 147
        },
        {
            "x": 493,
            "y": 728,
            "hp": 108,
            "gold": 125,
            "exp": 102
        },
        {
            "x": 474,
            "y": 712,
            "hp": 129,
            "gold": 122,
            "exp": 132
        },
        {
            "x": 475,
            "y": 688,
            "hp": 110,
            "gold": 119,
            "exp": 194
        },
        {
            "x": 494,
            "y": 673,
            "hp": 142,
            "gold": 123,
            "exp": 182
        },
        {
            "x": 517,
            "y": 679,
            "hp": 129,
            "gold": 122,
            "exp": 138
        },
        {
            "x": 523,
            "y": 256,
            "hp": 106,
            "gold": 123,
            "exp": 100
        },
        {
            "x": 519,
            "y": 271,
            "hp": 121,
            "gold": 122,
            "exp": 144
        },
        {
            "x": 505,
            "y": 282,
            "hp": 112,
            "gold": 119,
            "exp": 155
        },
        {
            "x": 490,
            "y": 283,
            "hp": 113,
            "gold": 117,
            "exp": 152
        },
        {
            "x": 475,
            "y": 275,
            "hp": 116,
            "gold": 122,
            "exp": 132
        },
        {
            "x": 469,
            "y": 263,
            "hp": 120,
            "gold": 122,
            "exp": 166
        },
        {
            "x": 469,
            "y": 248,
            "hp": 129,
            "gold": 122,
            "exp": 101
        },
        {
            "x": 478,
            "y": 233,
            "hp": 118,
            "gold": 119,
            "exp": 181
        },
        {
            "x": 493,
            "y": 228,
            "hp": 108,
            "gold": 120,
            "exp": 156
        },
        {
            "x": 509,
            "y": 231,
            "hp": 118,
            "gold": 116,
            "exp": 122
        },
        {
            "x": 520,
            "y": 242,
            "hp": 128,
            "gold": 123,
            "exp": 107
        },
        {
            "x": 514,
            "y": 509,
            "hp": 106,
            "gold": 120,
            "exp": 152
        },
        {
            "x": 509,
            "y": 524,
            "hp": 137,
            "gold": 122,
            "exp": 163
        },
        {
            "x": 495,
            "y": 534,
            "hp": 128,
            "gold": 120,
            "exp": 146
        },
        {
            "x": 477,
            "y": 534,
            "hp": 120,
            "gold": 122,
            "exp": 119
        },
        {
            "x": 464,
            "y": 524,
            "hp": 134,
            "gold": 121,
            "exp": 158
        },
        {
            "x": 459,
            "y": 507,
            "hp": 109,
            "gold": 123,
            "exp": 180
        },
        {
            "x": 465,
            "y": 490,
            "hp": 125,
            "gold": 117,
            "exp": 176
        },
        {
            "x": 478,
            "y": 481,
            "hp": 138,
            "gold": 119,
            "exp": 113
        },
        {
            "x": 498,
            "y": 482,
            "hp": 123,
            "gold": 118,
            "exp": 103
        },
        {
            "x": 510,
            "y": 492,
            "hp": 130,
            "gold": 116,
            "exp": 181
        },
        {
            "x": 300,
            "y": 1547,
            "hp": 133,
            "gold": 116,
            "exp": 116
        },
        {
            "x": 296,
            "y": 1560,
            "hp": 136,
            "gold": 120,
            "exp": 127
        },
        {
            "x": 284,
            "y": 1570,
            "hp": 125,
            "gold": 118,
            "exp": 132
        },
        {
            "x": 268,
            "y": 1572,
            "hp": 117,
            "gold": 121,
            "exp": 180
        },
        {
            "x": 253,
            "y": 1564,
            "hp": 106,
            "gold": 119,
            "exp": 146
        },
        {
            "x": 246,
            "y": 1552,
            "hp": 114,
            "gold": 117,
            "exp": 194
        },
        {
            "x": 247,
            "y": 1534,
            "hp": 121,
            "gold": 121,
            "exp": 159
        },
        {
            "x": 254,
            "y": 1523,
            "hp": 110,
            "gold": 117,
            "exp": 104
        },
        {
            "x": 270,
            "y": 1517,
            "hp": 110,
            "gold": 122,
            "exp": 119
        },
        {
            "x": 286,
            "y": 1520,
            "hp": 128,
            "gold": 120,
            "exp": 145
        },
        {
            "x": 297,
            "y": 1531,
            "hp": 105,
            "gold": 119,
            "exp": 188
        },
        {
            "x": 548,
            "y": 529,
            "hp": 125,
            "gold": 125,
            "exp": 187
        },
        {
            "x": 536,
            "y": 552,
            "hp": 148,
            "gold": 125,
            "exp": 110
        },
        {
            "x": 514,
            "y": 556,
            "hp": 125,
            "gold": 122,
            "exp": 177
        },
        {
            "x": 495,
            "y": 539,
            "hp": 130,
            "gold": 122,
            "exp": 155
        },
        {
            "x": 495,
            "y": 516,
            "hp": 140,
            "gold": 122,
            "exp": 184
        },
        {
            "x": 517,
            "y": 501,
            "hp": 130,
            "gold": 123,
            "exp": 139
        },
        {
            "x": 540,
            "y": 508,
            "hp": 150,
            "gold": 126,
            "exp": 192
        },
        {
            "x": 355,
            "y": 182,
            "hp": 133,
            "gold": 119,
            "exp": 122
        },
        {
            "x": 346,
            "y": 202,
            "hp": 123,
            "gold": 117,
            "exp": 107
        },
        {
            "x": 326,
            "y": 208,
            "hp": 118,
            "gold": 121,
            "exp": 144
        },
        {
            "x": 307,
            "y": 199,
            "hp": 147,
            "gold": 123,
            "exp": 118
        },
        {
            "x": 300,
            "y": 180,
            "hp": 136,
            "gold": 123,
            "exp": 141
        },
        {
            "x": 309,
            "y": 159,
            "hp": 133,
            "gold": 121,
            "exp": 185
        },
        {
            "x": 329,
            "y": 153,
            "hp": 139,
            "gold": 124,
            "exp": 159
        },
        {
            "x": 348,
            "y": 161,
            "hp": 114,
            "gold": 122,
            "exp": 178
        },
        {
            "x": 458,
            "y": 1260,
            "hp": 103,
            "gold": 122,
            "exp": 107
        },
        {
            "x": 455,
            "y": 1274,
            "hp": 100,
            "gold": 120,
            "exp": 184
        },
        {
            "x": 444,
            "y": 1284,
            "hp": 111,
            "gold": 121,
            "exp": 156
        },
        {
            "x": 430,
            "y": 1287,
            "hp": 113,
            "gold": 116,
            "exp": 109
        },
        {
            "x": 415,
            "y": 1283,
            "hp": 105,
            "gold": 115,
            "exp": 151
        },
        {
            "x": 405,
            "y": 1272,
            "hp": 112,
            "gold": 119,
            "exp": 151
        },
        {
            "x": 403,
            "y": 1257,
            "hp": 114,
            "gold": 121,
            "exp": 146
        },
        {
            "x": 407,
            "y": 1244,
            "hp": 122,
            "gold": 117,
            "exp": 113
        },
        {
            "x": 417,
            "y": 1235,
            "hp": 108,
            "gold": 120,
            "exp": 112
        },
        {
            "x": 431,
            "y": 1232,
            "hp": 110,
            "gold": 116,
            "exp": 153
        },
        {
            "x": 446,
            "y": 1237,
            "hp": 107,
            "gold": 117,
            "exp": 175
        },
        {
            "x": 455,
            "y": 1246,
            "hp": 108,
            "gold": 121,
            "exp": 103
        },
        {
            "x": 81,
            "y": 758,
            "hp": 112,
            "gold": 126,
            "exp": 198
        },
        {
            "x": 69,
            "y": 779,
            "hp": 153,
            "gold": 120,
            "exp": 114
        },
        {
            "x": 47,
            "y": 783,
            "hp": 137,
            "gold": 118,
            "exp": 180
        },
        {
            "x": 28,
            "y": 767,
            "hp": 108,
            "gold": 121,
            "exp": 112
        },
        {
            "x": 29,
            "y": 741,
            "hp": 103,
            "gold": 121,
            "exp": 178
        },
        {
            "x": 48,
            "y": 728,
            "hp": 135,
            "gold": 124,
            "exp": 174
        },
        {
            "x": 72,
            "y": 734,
            "hp": 139,
            "gold": 120,
            "exp": 102
        },
        {
            "x": 86,
            "y": 1970,
            "hp": 117,
            "gold": 121,
            "exp": 112
        },
        {
            "x": 81,
            "y": 1984,
            "hp": 116,
            "gold": 121,
            "exp": 175
        },
        {
            "x": 71,
            "y": 1993,
            "hp": 103,
            "gold": 116,
            "exp": 175
        },
        {
            "x": 57,
            "y": 1995,
            "hp": 132,
            "gold": 120,
            "exp": 177
        },
        {
            "x": 44,
            "y": 1991,
            "hp": 127,
            "gold": 115,
            "exp": 175
        },
        {
            "x": 33,
            "y": 1979,
            "hp": 104,
            "gold": 116,
            "exp": 188
        },
        {
            "x": 31,
            "y": 1966,
            "hp": 108,
            "gold": 118,
            "exp": 165
        },
        {
            "x": 35,
            "y": 1952,
            "hp": 123,
            "gold": 116,
            "exp": 108
        },
        {
            "x": 46,
            "y": 1942,
            "hp": 110,
            "gold": 119,
            "exp": 158
        },
        {
            "x": 59,
            "y": 1940,
            "hp": 127,
            "gold": 116,
            "exp": 180
        },
        {
            "x": 74,
            "y": 1944,
            "hp": 102,
            "gold": 118,
            "exp": 106
        },
        {
            "x": 84,
            "y": 1956,
            "hp": 100,
            "gold": 115,
            "exp": 151
        },
        {
            "x": 260,
            "y": 1358,
            "hp": 120,
            "gold": 117,
            "exp": 190
        },
        {
            "x": 256,
            "y": 1371,
            "hp": 103,
            "gold": 118,
            "exp": 124
        },
        {
            "x": 242,
            "y": 1382,
            "hp": 100,
            "gold": 120,
            "exp": 191
        },
        {
            "x": 228,
            "y": 1383,
            "hp": 109,
            "gold": 117,
            "exp": 146
        },
        {
            "x": 213,
            "y": 1375,
            "hp": 123,
            "gold": 117,
            "exp": 106
        },
        {
            "x": 205,
            "y": 1362,
            "hp": 111,
            "gold": 119,
            "exp": 129
        },
        {
            "x": 206,
            "y": 1346,
            "hp": 115,
            "gold": 121,
            "exp": 185
        },
        {
            "x": 214,
            "y": 1334,
            "hp": 105,
            "gold": 119,
            "exp": 188
        },
        {
            "x": 230,
            "y": 1328,
            "hp": 111,
            "gold": 116,
            "exp": 157
        },
        {
            "x": 246,
            "y": 1331,
            "hp": 136,
            "gold": 119,
            "exp": 100
        },
        {
            "x": 256,
            "y": 1341,
            "hp": 117,
            "gold": 119,
            "exp": 117
        },
        {
            "x": 479,
            "y": 1431,
            "hp": 110,
            "gold": 123,
            "exp": 126
        },
        {
            "x": 471,
            "y": 1451,
            "hp": 108,
            "gold": 121,
            "exp": 142
        },
        {
            "x": 449,
            "y": 1458,
            "hp": 119,
            "gold": 124,
            "exp": 161
        },
        {
            "x": 430,
            "y": 1448,
            "hp": 123,
            "gold": 118,
            "exp": 115
        },
        {
            "x": 424,
            "y": 1430,
            "hp": 123,
            "gold": 121,
            "exp": 159
        },
        {
            "x": 432,
            "y": 1410,
            "hp": 139,
            "gold": 125,
            "exp": 181
        },
        {
            "x": 452,
            "y": 1403,
            "hp": 103,
            "gold": 124,
            "exp": 172
        },
        {
            "x": 472,
            "y": 1411,
            "hp": 110,
            "gold": 118,
            "exp": 168
        },
        {
            "x": 265,
            "y": 173,
            "hp": 108,
            "gold": 119,
            "exp": 136
        },
        {
            "x": 259,
            "y": 190,
            "hp": 124,
            "gold": 122,
            "exp": 184
        },
        {
            "x": 248,
            "y": 199,
            "hp": 134,
            "gold": 122,
            "exp": 112
        },
        {
            "x": 231,
            "y": 200,
            "hp": 133,
            "gold": 115,
            "exp": 179
        },
        {
            "x": 219,
            "y": 194,
            "hp": 122,
            "gold": 118,
            "exp": 118
        },
        {
            "x": 210,
            "y": 180,
            "hp": 104,
            "gold": 116,
            "exp": 104
        },
        {
            "x": 212,
            "y": 162,
            "hp": 127,
            "gold": 119,
            "exp": 117
        },
        {
            "x": 220,
            "y": 151,
            "hp": 110,
            "gold": 116,
            "exp": 111
        },
        {
            "x": 235,
            "y": 145,
            "hp": 111,
            "gold": 120,
            "exp": 159
        },
        {
            "x": 250,
            "y": 147,
            "hp": 109,
            "gold": 121,
            "exp": 114
        },
        {
            "x": 261,
            "y": 158,
            "hp": 100,
            "gold": 119,
            "exp": 180
        },
        {
            "x": 407,
            "y": 882,
            "hp": 127,
            "gold": 122,
            "exp": 137
        },
        {
            "x": 396,
            "y": 905,
            "hp": 120,
            "gold": 124,
            "exp": 161
        },
        {
            "x": 369,
            "y": 909,
            "hp": 157,
            "gold": 118,
            "exp": 195
        },
        {
            "x": 351,
            "y": 892,
            "hp": 124,
            "gold": 119,
            "exp": 145
        },
        {
            "x": 353,
            "y": 868,
            "hp": 102,
            "gold": 118,
            "exp": 180
        },
        {
            "x": 374,
            "y": 853,
            "hp": 112,
            "gold": 122,
            "exp": 126
        },
        {
            "x": 397,
            "y": 859,
            "hp": 117,
            "gold": 119,
            "exp": 177
        },
        {
            "x": 155,
            "y": 1671,
            "hp": 141,
            "gold": 119,
            "exp": 113
        },
        {
            "x": 148,
            "y": 1689,
            "hp": 137,
            "gold": 123,
            "exp": 139
        },
        {
            "x": 131,
            "y": 1698,
            "hp": 109,
            "gold": 120,
            "exp": 141
        },
        {
            "x": 112,
            "y": 1695,
            "hp": 108,
            "gold": 123,
            "exp": 165
        },
        {
            "x": 99,
            "y": 1678,
            "hp": 111,
            "gold": 121,
            "exp": 147
        },
        {
            "x": 99,
            "y": 1659,
            "hp": 118,
            "gold": 121,
            "exp": 132
        },
        {
            "x": 113,
            "y": 1644,
            "hp": 118,
            "gold": 118,
            "exp": 191
        },
        {
            "x": 134,
            "y": 1642,
            "hp": 126,
            "gold": 122,
            "exp": 113
        },
        {
            "x": 150,
            "y": 1652,
            "hp": 104,
            "gold": 120,
            "exp": 149
        },
        {
            "x": 104,
            "y": 961,
            "hp": 112,
            "gold": 116,
            "exp": 169
        },
        {
            "x": 99,
            "y": 976,
            "hp": 119,
            "gold": 117,
            "exp": 120
        },
        {
            "x": 87,
            "y": 985,
            "hp": 100,
            "gold": 119,
            "exp": 114
        },
        {
            "x": 69,
            "y": 987,
            "hp": 123,
            "gold": 117,
            "exp": 164
        },
        {
            "x": 55,
            "y": 979,
            "hp": 128,
            "gold": 120,
            "exp": 198
        },
        {
            "x": 47,
            "y": 964,
            "hp": 125,
            "gold": 115,
            "exp": 163
        },
        {
            "x": 48,
            "y": 948,
            "hp": 112,
            "gold": 118,
            "exp": 155
        },
        {
            "x": 57,
            "y": 936,
            "hp": 117,
            "gold": 116,
            "exp": 114
        },
        {
            "x": 74,
            "y": 930,
            "hp": 109,
            "gold": 117,
            "exp": 111
        },
        {
            "x": 90,
            "y": 933,
            "hp": 112,
            "gold": 116,
            "exp": 153
        },
        {
            "x": 100,
            "y": 943,
            "hp": 110,
            "gold": 118,
            "exp": 163
        },
        {
            "x": 201,
            "y": 272,
            "hp": 123,
            "gold": 121,
            "exp": 174
        },
        {
            "x": 189,
            "y": 294,
            "hp": 146,
            "gold": 122,
            "exp": 193
        },
        {
            "x": 164,
            "y": 297,
            "hp": 119,
            "gold": 122,
            "exp": 139
        },
        {
            "x": 146,
            "y": 281,
            "hp": 115,
            "gold": 121,
            "exp": 133
        },
        {
            "x": 147,
            "y": 255,
            "hp": 100,
            "gold": 126,
            "exp": 178
        },
        {
            "x": 168,
            "y": 241,
            "hp": 140,
            "gold": 119,
            "exp": 143
        },
        {
            "x": 192,
            "y": 248,
            "hp": 156,
            "gold": 123,
            "exp": 185
        },
        {
            "x": 277,
            "y": 508,
            "hp": 133,
            "gold": 118,
            "exp": 109
        },
        {
            "x": 270,
            "y": 524,
            "hp": 114,
            "gold": 122,
            "exp": 174
        },
        {
            "x": 253,
            "y": 534,
            "hp": 108,
            "gold": 119,
            "exp": 114
        },
        {
            "x": 232,
            "y": 530,
            "hp": 110,
            "gold": 119,
            "exp": 152
        },
        {
            "x": 221,
            "y": 515,
            "hp": 109,
            "gold": 116,
            "exp": 118
        },
        {
            "x": 222,
            "y": 495,
            "hp": 129,
            "gold": 124,
            "exp": 116
        },
        {
            "x": 236,
            "y": 479,
            "hp": 123,
            "gold": 121,
            "exp": 175
        },
        {
            "x": 255,
            "y": 477,
            "hp": 135,
            "gold": 121,
            "exp": 121
        },
        {
            "x": 272,
            "y": 488,
            "hp": 127,
            "gold": 122,
            "exp": 149
        },
        {
            "x": 45,
            "y": 1869,
            "hp": 143,
            "gold": 118,
            "exp": 121
        },
        {
            "x": 36,
            "y": 1888,
            "hp": 143,
            "gold": 124,
            "exp": 134
        },
        {
            "x": 14,
            "y": 1895,
            "hp": 115,
            "gold": 121,
            "exp": 194
        },
        {
            "x": 0,
            "y": 1886,
            "hp": 118,
            "gold": 120,
            "exp": 117
        },
        {
            "x": 0,
            "y": 1864,
            "hp": 146,
            "gold": 119,
            "exp": 180
        },
        {
            "x": 0,
            "y": 1845,
            "hp": 135,
            "gold": 125,
            "exp": 157
        },
        {
            "x": 17,
            "y": 1838,
            "hp": 126,
            "gold": 122,
            "exp": 141
        },
        {
            "x": 38,
            "y": 1847,
            "hp": 144,
            "gold": 119,
            "exp": 170
        },
        {
            "x": 303,
            "y": 738,
            "hp": 152,
            "gold": 124,
            "exp": 146
        },
        {
            "x": 286,
            "y": 764,
            "hp": 138,
            "gold": 122,
            "exp": 155
        },
        {
            "x": 259,
            "y": 762,
            "hp": 141,
            "gold": 120,
            "exp": 128
        },
        {
            "x": 246,
            "y": 736,
            "hp": 137,
            "gold": 125,
            "exp": 124
        },
        {
            "x": 262,
            "y": 711,
            "hp": 123,
            "gold": 118,
            "exp": 106
        },
        {
            "x": 290,
            "y": 713,
            "hp": 134,
            "gold": 125,
            "exp": 128
        },
        {
            "x": 481,
            "y": 210,
            "hp": 166,
            "gold": 120,
            "exp": 119
        },
        {
            "x": 465,
            "y": 236,
            "hp": 151,
            "gold": 120,
            "exp": 170
        },
        {
            "x": 438,
            "y": 234,
            "hp": 128,
            "gold": 120,
            "exp": 193
        },
        {
            "x": 424,
            "y": 208,
            "hp": 118,
            "gold": 120,
            "exp": 178
        },
        {
            "x": 439,
            "y": 184,
            "hp": 152,
            "gold": 120,
            "exp": 126
        },
        {
            "x": 467,
            "y": 185,
            "hp": 156,
            "gold": 123,
            "exp": 108
        },
        {
            "x": 555,
            "y": 699,
            "hp": 121,
            "gold": 126,
            "exp": 187
        },
        {
            "x": 551,
            "y": 722,
            "hp": 164,
            "gold": 126,
            "exp": 146
        },
        {
            "x": 521,
            "y": 720,
            "hp": 153,
            "gold": 123,
            "exp": 158
        },
        {
            "x": 509,
            "y": 695,
            "hp": 141,
            "gold": 127,
            "exp": 168
        },
        {
            "x": 523,
            "y": 671,
            "hp": 105,
            "gold": 123,
            "exp": 155
        },
        {
            "x": 553,
            "y": 672,
            "hp": 103,
            "gold": 124,
            "exp": 112
        },
        {
            "x": 446,
            "y": 660,
            "hp": 111,
            "gold": 122,
            "exp": 188
        },
        {
            "x": 437,
            "y": 681,
            "hp": 116,
            "gold": 118,
            "exp": 181
        },
        {
            "x": 416,
            "y": 688,
            "hp": 134,
            "gold": 121,
            "exp": 175
        },
        {
            "x": 397,
            "y": 680,
            "hp": 148,
            "gold": 123,
            "exp": 104
        },
        {
            "x": 389,
            "y": 658,
            "hp": 122,
            "gold": 125,
            "exp": 198
        },
        {
            "x": 399,
            "y": 638,
            "hp": 144,
            "gold": 120,
            "exp": 174
        },
        {
            "x": 420,
            "y": 631,
            "hp": 117,
            "gold": 117,
            "exp": 119
        },
        {
            "x": 439,
            "y": 640,
            "hp": 136,
            "gold": 124,
            "exp": 189
        }
    ]
}