{
    "hero": {
        "base_speed": 3200,
        "base_power": 150,
        "base_range": 36,
        "level_speed_coeff": 1,
        "level_power_coeff": 8,
        "level_range_coeff": 3
    },
    "start_x": 844,
    "start_y": 306,
    "width": 2222,
    "height": 777,
    "num_turns": 214,
    "monsters": [
        {
            "x": 2222,
            "y": 118,
            "hp": 109,
            "gold": 131,
            "exp": 194
        },
        {
            "x": 2188,
            "y": 151,
            "hp": 131,
            "gold": 128,
            "exp": 155
        },
        {
            "x": 2155,
            "y": 117,
            "hp": 149,
            "gold": 122,
            "exp": 102
        },
        {
            "x": 2189,
            "y": 84,
            "hp": 181,
            "gold": 124,
            "exp": 178
        },
        {
            "x": 446,
            "y": 186,
            "hp": 119,
            "gold": 124,
            "exp": 159
        },
        {
            "x": 429,
            "y": 214,
            "hp": 123,
            "gold": 127,
            "exp": 147
        },
        {
            "x": 395,
            "y": 214,
            "hp": 112,
            "gold": 127,
            "exp": 197
        },
        {
            "x": 379,
            "y": 183,
            "hp": 118,
            "gold": 128,
            "exp": 170
        },
        {
            "x": 398,
            "y": 154,
            "hp": 129,
            "gold": 125,
            "exp": 126
        },
        {
            "x": 431,
            "y": 156,
            "hp": 158,
            "gold": 119,
            "exp": 120
        },
        {
            "x": 1264,
            "y": 495,
            "hp": 108,
            "gold": 124,
            "exp": 173
        },
        {
            "x": 1246,
            "y": 525,
            "hp": 109,
            "gold": 124,
            "exp": 171
        },
        {
            "x": 1211,
            "y": 524,
            "hp": 105,
            "gold": 127,
            "exp": 167
        },
        {
            "x": 1195,
            "y": 494,
            "hp": 165,
            "gold": 123,
            "exp": 155
        },
        {
            "x": 1215,
            "y": 463,
            "hp": 146,
            "gold": 125,
            "exp": 156
        },
        {
            "x": 1247,
            "y": 464,
            "hp": 115,
            "gold": 125,
            "exp": 136
        },
        {
            "x": 1334,
            "y": 98,
            "hp": 118,
            "gold": 124,
            "exp": 164
        },
        {
            "x": 1295,
            "y": 133,
            "hp": 117,
            "gold": 129,
            "exp": 178
        },
        {
            "x": 1263,
            "y": 95,
            "hp": 128,
            "gold": 127,
            "exp": 145
        },
        {
            "x": 1302,
            "y": 62,
            "hp": 182,
            "gold": 125,
            "exp": 199
        },
        {
            "x": 1137,
            "y": 261,
            "hp": 131,
            "gold": 129,
            "exp": 146
        },
        {
            "x": 1101,
            "y": 295,
            "hp": 125,
            "gold": 122,
            "exp": 116
        },
        {
            "x": 1066,
            "y": 258,
            "hp": 123,
            "gold": 124,
            "exp": 181
        },
        {
            "x": 1103,
            "y": 224,
            "hp": 192,
            "gold": 127,
            "exp": 147
        },
        {
            "x": 574,
            "y": 718,
            "hp": 113,
            "gold": 120,
            "exp": 182
        },
        {
            "x": 546,
            "y": 752,
            "hp": 136,
            "gold": 128,
            "exp": 184
        },
        {
            "x": 507,
            "y": 737,
            "hp": 134,
            "gold": 122,
            "exp": 128
        },
        {
            "x": 508,
            "y": 694,
            "hp": 127,
            "gold": 128,
            "exp": 114
        },
        {
            "x": 550,
            "y": 681,
            "hp": 166,
            "gold": 124,
            "exp": 162
        },
        {
            "x": 1761,
            "y": 225,
            "hp": 177,
            "gold": 126,
            "exp": 130
        },
        {
            "x": 1735,
            "y": 258,
            "hp": 126,
            "gold": 124,
            "exp": 101
        },
        {
            "x": 1693,
            "y": 242,
            "hp": 129,
            "gold": 129,
            "exp": 173
        },
        {
            "x": 1695,
            "y": 200,
            "hp": 177,
            "gold": 121,
            "exp": 160
        },
        {
            "x": 1736,
            "y": 187,
            "hp": 123,
            "gold": 129,
            "exp": 146
        },
        {
            "x": 1189,
            "y": 288,
            "hp": 100,
            "gold": 129,
            "exp": 196
        },
        {
            "x": 1148,
            "y": 323,
            "hp": 129,
            "gold": 122,
            "exp": 101
        },
        {
            "x": 1114,
            "y": 283,
            "hp": 136,
            "gold": 127,
            "exp": 162
        },
        {
            "x": 1153,
            "y": 248,
            "hp": 186,
            "gold": 128,
            "exp": 171
        },
        {
            "x": 2083,
            "y": 101,
            "hp": 130,
            "gold": 128,
            "exp": 132
        },
        {
            "x": 2061,
            "y": 134,
            "hp": 154,
            "gold": 123,
            "exp": 184
        },
        {
            "x": 2025,
            "y": 131,
            "hp": 110,
            "gold": 123,
            "exp": 194
        },
        {
            "x": 2008,
            "y": 98,
            "hp": 109,
            "gold": 127,
            "exp": 168
        },
        {
            "x": 2027,
            "y": 66,
            "hp": 161,
            "gold": 124,
            "exp": 160
        },
        {
            "x": 2065,
            "y": 67,
            "hp": 166,
            "gold": 125,
            "exp": 190
        },
        {
            "x": 971,
            "y": 330,
            "hp": 136,
            "gold": 123,
            "exp": 120
        },
        {
            "x": 952,
            "y": 363,
            "hp": 131,
            "gold": 127,
            "exp": 168
        },
        {
            "x": 914,
            "y": 362,
            "hp": 123,
            "gold": 121,
            "exp": 122
        },
        {
            "x": 896,
            "y": 326,
            "hp": 139,
            "gold": 127,
            "exp": 120
        },
        {
            "x": 916,
            "y": 296,
            "hp": 129,
            "gold": 119,
            "exp": 127
        },
        {
            "x": 956,
            "y": 299,
            "hp": 101,
            "gold": 126,
            "exp": 129
        },
        {
            "x": 1055,
            "y": 311,
            "hp": 160,
            "gold": 124,
            "exp": 184
        },
        {
            "x": 1028,
            "y": 345,
            "hp": 135,
            "gold": 123,
            "exp": 121
        },
        {
            "x": 985,
            "y": 330,
            "hp": 128,
            "gold": 129,
            "exp": 127
        },
        {
            "x": 985,
            "y": 284,
            "hp": 148,
            "gold": 124,
            "exp": 181
        },
        {
            "x": 1029,
            "y": 271,
            "hp": 131,
            "gold": 121,
            "exp": 182
        },
        {
            "x": 916,
            "y": 93,
            "hp": 167,
            "gold": 125,
            "exp": 194
        },
        {
            "x": 889,
            "y": 127,
            "hp": 107,
            "gold": 126,
            "exp": 164
        },
        {
            "x": 845,
            "y": 111,
            "hp": 134,
            "gold": 129,
            "exp": 120
        },
        {
            "x": 847,
            "y": 65,
            "hp": 112,
            "gold": 129,
            "exp": 115
        },
        {
            "x": 891,
            "y": 53,
            "hp": 154,
            "gold": 124,
            "exp": 101
        },
        {
            "x": 1671,
            "y": 726,
            "hp": 194,
            "gold": 124,
            "exp": 165
        },
        {
            "x": 1632,
            "y": 764,
            "hp": 127,
            "gold": 126,
            "exp": 105
        },
        {
            "x": 1594,
            "y": 723,
            "hp": 161,
            "gold": 122,
            "exp": 184
        },
        {
            "x": 1634,
            "y": 687,
            "hp": 144,
            "gold": 127,
            "exp": 174
        },
        {
            "x": 1929,
            "y": 468,
            "hp": 110,
            "gold": 119,
            "exp": 153
        },
        {
            "x": 1909,
            "y": 501,
            "hp": 141,
            "gold": 127,
            "exp": 120
        },
        {
            "x": 1867,
            "y": 500,
            "hp": 107,
            "gold": 126,
            "exp": 159
        },
        {
            "x": 1850,
            "y": 466,
            "hp": 164,
            "gold": 126,
            "exp": 113
        },
        {
            "x": 1870,
            "y": 431,
            "hp": 128,
            "gold": 125,
            "exp": 154
        },
        {
            "x": 1911,
            "y": 433,
            "hp": 146,
            "gold": 127,
            "exp": 146
        },
        {
            "x": 1933,
            "y": 329,
            "hp": 109,
            "gold": 131,
            "exp": 135
        },
        {
            "x": 1892,
            "y": 366,
            "hp": 124,
            "gold": 127,
            "exp": 157
        },
        {
            "x": 1854,
            "y": 326,
            "hp": 143,
            "gold": 124,
            "exp": 103
        },
        {
            "x": 1896,
            "y": 287,
            "hp": 165,
            "gold": 125,
            "exp": 106
        },
        {
            "x": 1006,
            "y": 649,
            "hp": 155,
            "gold": 122,
            "exp": 129
        },
        {
            "x": 977,
            "y": 685,
            "hp": 125,
            "gold": 124,
            "exp": 120
        },
        {
            "x": 934,
            "y": 670,
            "hp": 112,
            "gold": 127,
            "exp": 178
        },
        {
            "x": 935,
            "y": 622,
            "hp": 162,
            "gold": 128,
            "exp": 193
        },
        {
            "x": 981,
            "y": 609,
            "hp": 136,
            "gold": 128,
            "exp": 135
        },
        {
            "x": 667,
            "y": 569,
            "hp": 121,
            "gold": 131,
            "exp": 125
        },
        {
            "x": 625,
            "y": 606,
            "hp": 107,
            "gold": 124,
            "exp": 196
        },
        {
            "x": 588,
            "y": 566,
            "hp": 196,
            "gold": 129,
            "exp": 150
        },
        {
            "x": 628,
            "y": 527,
            "hp": 156,
            "gold": 122,
            "exp": 142
        },
        {
            "x": 987,
            "y": 387,
            "hp": 145,
            "gold": 131,
            "exp": 156
        },
        {
            "x": 944,
            "y": 423,
            "hp": 134,
            "gold": 132,
            "exp": 126
        },
        {
            "x": 908,
            "y": 381,
            "hp": 102,
            "gold": 129,
            "exp": 179
        },
        {
            "x": 951,
            "y": 344,
            "hp": 158,
            "gold": 132,
            "exp": 184
        },
        {
            "x": 109,
            "y": 506,
            "hp": 163,
            "gold": 124,
            "exp": 149
        },
        {
            "x": 86,
            "y": 539,
            "hp": 130,
            "gold": 126,
            "exp": 167
        },
        {
            "x": 45,
            "y": 536,
            "hp": 122,
            "gold": 126,
            "exp": 162
        },
        {
            "x": 28,
            "y": 500,
            "hp": 161,
            "gold": 120,
            "exp": 132
        },
        {
            "x": 50,
            "y": 466,
            "hp": 123,
            "gold": 119,
            "exp": 148
        },
        {
            "x": 92,
            "y": 469,
            "hp": 101,
            "gold": 123,
            "exp": 113
        },
        {
            "x": 1913,
            "y": 380,
            "hp": 161,
            "gold": 127,
            "exp": 149
        },
        {
            "x": 1869,
            "y": 417,
            "hp": 179,
            "gold": 125,
            "exp": 122
        },
        {
            "x": 1832,
            "y": 374,
            "hp": 139,
            "gold": 128,
            "exp": 184
        },
        {
            "x": 1877,
            "y": 336,
            "hp": 187,
            "gold": 122,
            "exp": 124
        },
        {
            "x": 182,
            "y": 659,
            "hp": 159,
            "gold": 121,
            "exp": 160
        },
        {
            "x": 153,
            "y": 695,
            "hp": 127,
            "gold": 126,
            "exp": 191
        },
        {
            "x": 107,
            "y": 678,
            "hp": 104,
            "gold": 126,
            "exp": 146
        },
        {
            "x": 109,
            "y": 630,
            "hp": 106,
            "gold": 121,
            "exp": 191
        },
        {
            "x": 156,
            "y": 617,
            "hp": 157,
            "gold": 125,
            "exp": 136
        },
        {
            "x": 671,
            "y": 80,
            "hp": 116,
            "gold": 121,
            "exp": 118
        },
        {
            "x": 648,
            "y": 113,
            "hp": 141,
            "gold": 123,
            "exp": 118
        },
        {
            "x": 610,
            "y": 112,
            "hp": 161,
            "gold": 118,
            "exp": 177
        },
        {
            "x": 590,
            "y": 74,
            "hp": 140,
            "gold": 127,
            "exp": 107
        },
        {
            "x": 611,
            "y": 40,
            "hp": 109,
            "gold": 119,
            "exp": 142
        },
        {
            "x": 654,
            "y": 43,
            "hp": 147,
            "gold": 123,
            "exp": 194
        },
        {
            "x": 979,
            "y": 741,
            "hp": 142,
            "gold": 129,
            "exp": 131
        },
        {
            "x": 935,
            "y": 777,
            "hp": 199,
            "gold": 123,
            "exp": 114
        },
        {
            "x": 898,
            "y": 736,
            "hp": 127,
            "gold": 126,
            "exp": 124
        },
        {
            "x": 939,
            "y": 698,
            "hp": 128,
            "gold": 128,
            "exp": 176
        },
        {
            "x": 1541,
            "y": 128,
            "hp": 177,
            "gold": 120,
            "exp": 169
        },
        {
            "x": 1511,
            "y": 166,
            "hp": 121,
            "gold": 129,
            "exp": 116
        },
        {
            "x": 1465,
            "y": 149,
            "hp": 118,
            "gold": 128,
            "exp": 188
        },
        {
            "x": 1467,
            "y": 99,
            "hp": 178,
            "gold": 129,
            "exp": 158
        },
        {
            "x": 1514,
            "y": 86,
            "hp": 116,
            "gold": 122,
            "exp": 154
        },
        {
            "x": 1589,
            "y": 727,
            "hp": 111,
            "gold": 127,
            "exp": 123
        },
        {
            "x": 1567,
            "y": 762,
            "hp": 134,
            "gold": 121,
            "exp": 165
        },
        {
            "x": 1524,
            "y": 759,
            "hp": 158,
            "gold": 124,
            "exp": 174
        },
        {
            "x": 1506,
            "y": 720,
            "hp": 150,
            "gold": 121,
            "exp": 101
        },
        {
            "x": 1530,
            "y": 686,
            "hp": 119,
            "gold": 119,
            "exp": 146
        },
        {
            "x": 1572,
            "y": 690,
            "hp": 131,
            "gold": 120,
            "exp": 157
        },
        {
            "x": 1457,
            "y": 560,
            "hp": 174,
            "gold": 123,
            "exp": 109
        },
        {
            "x": 1424,
            "y": 600,
            "hp": 123,
            "gold": 121,
            "exp": 116
        },
        {
            "x": 1380,
            "y": 581,
            "hp": 174,
            "gold": 126,
            "exp": 153
        },
        {
            "x": 1382,
            "y": 533,
            "hp": 129,
            "gold": 120,
            "exp": 100
        },
        {
            "x": 1430,
            "y": 519,
            "hp": 173,
            "gold": 123,
            "exp": 160
        },
        {
            "x": 1708,
            "y": 494,
            "hp": 125,
            "gold": 122,
            "exp": 184
        },
        {
            "x": 1679,
            "y": 533,
            "hp": 116,
            "gold": 122,
            "exp": 112
        },
        {
            "x": 1631,
            "y": 516,
            "hp": 173,
            "gold": 127,
            "exp": 150
        },
        {
            "x": 1633,
            "y": 468,
            "hp": 166,
            "gold": 123,
            "exp": 146
        },
        {
            "x": 1683,
            "y": 454,
            "hp": 139,
            "gold": 129,
            "exp": 119
        },
        {
            "x": 1713,
            "y": 348,
            "hp": 136,
            "gold": 126,
            "exp": 112
        },
        {
            "x": 1669,
            "y": 389,
            "hp": 182,
            "gold": 130,
            "exp": 184
        },
        {
            "x": 1630,
            "y": 346,
            "hp": 182,
            "gold": 130,
            "exp": 175
        },
        {
            "x": 1675,
            "y": 306,
            "hp": 171,
            "gold": 122,
            "exp": 168
        },
        {
            "x": 2044,
            "y": 398,
            "hp": 185,
            "gold": 131,
            "exp": 187
        },
        {
            "x": 2001,
            "y": 438,
            "hp": 104,
            "gold": 126,
            "exp": 147
        },
        {
            "x": 1961,
            "y": 396,
            "hp": 199,
            "gold": 130,
            "exp": 138
        },
        {
            "x": 2005,
            "y": 355,
            "hp": 139,
            "gold": 132,
            "exp": 162
        },
        {
            "x": 1898,
            "y": 247,
            "hp": 118,
            "gold": 124,
            "exp": 119
        },
        {
            "x": 1876,
            "y": 283,
            "hp": 150,
            "gold": 119,
            "exp": 192
        },
        {
            "x": 1833,
            "y": 282,
            "hp": 115,
            "gold": 123,
            "exp": 110
        },
        {
            "x": 1813,
            "y": 243,
            "hp": 109,
            "gold": 124,
            "exp": 152
        },
        {
            "x": 1835,
            "y": 208,
            "hp": 104,
            "gold": 122,
            "exp": 141
        },
        {
            "x": 1879,
            "y": 210,
            "hp": 141,
            "gold": 122,
            "exp": 127
        },
        {
            "x": 1661,
            "y": 427,
            "hp": 145,
            "gold": 127,
            "exp": 114
        },
        {
            "x": 1637,
            "y": 462,
            "hp": 165,
            "gold": 127,
            "exp": 195
        },
        {
            "x": 1594,
            "y": 459,
            "hp": 101,
            "gold": 120,
            "exp": 176
        },
        {
            "x": 1576,
            "y": 420,
            "hp": 150,
            "gold": 121,
            "exp": 168
        },
        {
            "x": 1598,
            "y": 385,
            "hp": 145,
            "gold": 127,
            "exp": 154
        },
        {
            "x": 1641,
            "y": 387,
            "hp": 112,
            "gold": 120,
            "exp": 169
        },
        {
            "x": 558,
            "y": 200,
            "hp": 122,
            "gold": 127,
            "exp": 161
        },
        {
            "x": 512,
            "y": 240,
            "hp": 142,
            "gold": 130,
            "exp": 198
        },
        {
            "x": 473,
            "y": 194,
            "hp": 122,
            "gold": 128,
            "exp": 143
        },
        {
            "x": 519,
            "y": 155,
            "hp": 194,
            "gold": 127,
            "exp": 120
        },
        {
            "x": 873,
            "y": 397,
            "hp": 110,
            "gold": 126,
            "exp": 163
        },
        {
            "x": 840,
            "y": 436,
            "hp": 136,
            "gold": 126,
            "exp": 109
        },
        {
            "x": 794,
            "y": 417,
            "hp": 134,
            "gold": 127,
            "exp": 121
        },
        {
            "x": 797,
            "y": 368,
            "hp": 142,
            "gold": 123,
            "exp": 164
        },
        {
            "x": 846,
            "y": 354,
            "hp": 131,
            "gold": 120,
            "exp": 179
        },
        {
            "x": 1981,
            "y": 171,
            "hp": 120,
            "gold": 126,
            "exp": 119
        },
        {
            "x": 1957,
            "y": 209,
            "hp": 133,
            "gold": 123,
            "exp": 103
        },
        {
            "x": 1915,
            "y": 206,
            "hp": 149,
            "gold": 123,
            "exp": 180
        },
        {
            "x": 1896,
            "y": 169,
            "hp": 105,
            "gold": 119,
            "exp": 190
        },
        {
            "x": 1917,
            "y": 133,
            "hp": 132,
            "gold": 126,
            "exp": 178
        },
        {
            "x": 1963,
            "y": 135,
            "hp": 121,
            "gold": 122,
            "exp": 172
        },
        {
            "x": 720,
            "y": 731,
            "hp": 127,
            "gold": 121,
            "exp": 173
        },
        {
            "x": 687,
            "y": 769,
            "hp": 122,
            "gold": 120,
            "exp": 111
        },
        {
            "x": 641,
            "y": 750,
            "hp": 169,
            "gold": 120,
            "exp": 178
        },
        {
            "x": 645,
            "y": 700,
            "hp": 119,
            "gold": 125,
            "exp": 183
        },
        {
            "x": 694,
            "y": 688,
            "hp": 160,
            "gold": 120,
            "exp": 124
        },
        {
            "x": 2216,
            "y": 330,
            "hp": 150,
            "gold": 124,
            "exp": 139
        },
        {
            "x": 2185,
            "y": 368,
            "hp": 112,
            "gold": 121,
            "exp": 134
        },
        {
            "x": 2137,
            "y": 349,
            "hp": 150,
            "gold": 125,
            "exp": 131
        },
        {
            "x": 2139,
            "y": 300,
            "hp": 121,
            "gold": 128,
            "exp": 196
        },
        {
            "x": 2189,
            "y": 286,
            "hp": 145,
            "gold": 122,
            "exp": 179
        },
        {
            "x": 1230,
            "y": 41,
            "hp": 102,
            "gold": 124,
            "exp": 191
        },
        {
            "x": 1208,
            "y": 75,
            "hp": 155,
            "gold": 127,
            "exp": 186
        },
        {
            "x": 1162,
            "y": 73,
            "hp": 106,
            "gold": 123,
            "exp": 198
        },
        {
            "x": 1143,
            "y": 35,
            "hp": 105,
            "gold": 126,
            "exp": 113
        },
        {
            "x": 1168,
            "y": 0,
            "hp": 119,
            "gold": 127,
            "exp": 109
        },
        {
            "x": 1209,
            "y": 0,
            "hp": 161,
            "gold": 124,
            "exp": 163
        },
        {
            "x": 1132,
            "y": 732,
            "hp": 138,
            "gold": 123,
            "exp": 126
        },
        {
            "x": 1108,
            "y": 771,
            "hp": 117,
            "gold": 119,
            "exp": 125
        },
        {
            "x": 1064,
            "y": 768,
            "hp": 119,
            "gold": 126,
            "exp": 126
        },
        {
            "x": 1045,
            "y": 727,
            "hp": 120,
            "gold": 124,
            "exp": 199
        },
        {
            "x": 1069,
            "y": 692,
            "hp": 127,
            "gold": 125,
            "exp": 196
        },
        {
            "x": 1111,
            "y": 694,
            "hp": 108,
            "gold": 128,
            "exp": 195
        },
        {
            "x": 613,
            "y": 77,
            "hp": 161,
            "gold": 128,
            "exp": 184
        },
        {
            "x": 567,
            "y": 119,
            "hp": 126,
            "gold": 121,
            "exp": 136
        },
        {
            "x": 526,
            "y": 71,
            "hp": 187,
            "gold": 126,
            "exp": 121
        },
        {
            "x": 570,
            "y": 32,
            "hp": 152,
            "gold": 129,
            "exp": 125
        },
        {
            "x": 1029,
            "y": 192,
            "hp": 177,
            "gold": 126,
            "exp": 158
        },
        {
            "x": 996,
            "y": 232,
            "hp": 116,
            "gold": 128,
            "exp": 114
        },
        {
            "x": 949,
            "y": 214,
            "hp": 168,
            "gold": 124,
            "exp": 156
        },
        {
            "x": 951,
            "y": 162,
            "hp": 170,
            "gold": 123,
            "exp": 149
        },
        {
            "x": 999,
            "y": 148,
            "hp": 157,
            "gold": 122,
            "exp": 164
        },
        {
            "x": 1442,
            "y": 52,
            "hp": 116,
            "gold": 122,
            "exp": 110
        },
        {
            "x": 1419,
            "y": 88,
            "hp": 160,
            "gold": 123,
            "exp": 155
        },
        {
            "x": 1375,
            "y": 87,
            "hp": 110,
            "gold": 126,
            "exp": 198
        },
        {
            "x": 1355,
            "y": 48,
            "hp": 128,
            "gold": 121,
            "exp": 117
        },
        {
            "x": 1377,
            "y": 11,
            "hp": 129,
            "gold": 121,
            "exp": 169
        },
        {
            "x": 1424,
            "y": 13,
            "hp": 149,
            "gold": 123,
            "exp": 186
        },
        {
            "x": 591,
            "y": 300,
            "hp": 103,
            "gold": 120,
            "exp": 121
        },
        {
            "x": 567,
            "y": 337,
            "hp": 144,
            "gold": 120,
            "exp": 104
        },
        {
            "x": 525,
            "y": 336,
            "hp": 117,
            "gold": 127,
            "exp": 154
        },
        {
            "x": 504,
            "y": 295,
            "hp": 124,
            "gold": 127,
            "exp": 117
        },
        {
            "x": 529,
            "y": 258,
            "hp": 156,
            "gold": 125,
            "exp": 170
        },
        {
            "x": 570,
            "y": 260,
            "hp": 126,
            "gold": 124,
            "exp": 151
        },
        {
            "x": 147,
            "y": 37,
            "hp": 163,
            "gold": 123,
            "exp": 105
        },
        {
            "x": 102,
            "y": 80,
            "hp": 178,
            "gold": 123,
            "exp": 136
        },
        {
            "x": 60,
            "y": 33,
            "hp": 175,
            "gold": 122,
            "exp": 142
        },
        {
            "x": 105,
            "y": 0,
            "hp": 145,
            "gold": 128,
            "exp": 101
        },
        {
            "x": 1311,
            "y": 219,
            "hp": 152,
            "gold": 119,
            "exp": 185
        },
        {
            "x": 1288,
            "y": 255,
            "hp": 116,
            "gold": 126,
            "exp": 102
        },
        {
            "x": 1244,
            "y": 254,
            "hp": 147,
            "gold": 119,
            "exp": 165
        },
        {
            "x": 1224,
            "y": 213,
            "hp": 157,
            "gold": 125,
            "exp": 139
        },
        {
            "x": 1246,
            "y": 178,
            "hp": 143,
            "gold": 122,
            "exp": 122
        },
        {
            "x": 1292,
            "y": 180,
            "hp": 135,
            "gold": 121,
            "exp": 173
        },
        {
            "x": 341,
            "y": 38,
            "hp": 146,
            "gold": 129,
            "exp": 129
        },
        {
            "x": 293,
            "y": 80,
            "hp": 156,
            "gold": 124,
            "exp": 100
        },
        {
            "x": 252,
            "y": 33,
            "hp": 196,
            "gold": 129,
            "exp": 159
        },
        {
            "x": 299,
            "y": 0,
            "hp": 199,
            "gold": 129,
            "exp": 177
        },
        {
            "x": 1892,
            "y": 103,
            "hp": 177,
            "gold": 123,
            "exp": 172
        },
        {
            "x": 1860,
            "y": 145,
            "hp": 143,
            "gold": 126,
            "exp": 106
        },
        {
            "x": 1811,
            "y": 127,
            "hp": 132,
            "gold": 127,
            "exp": 178
        },
        {
            "x": 1813,
            "y": 72,
            "hp": 120,
            "gold": 125,
            "exp": 146
        },
        {
            "x": 1862,
            "y": 59,
            "hp": 168,
            "gold": 130,
            "exp": 124
        },
        {
            "x": 1963,
            "y": 626,
            "hp": 164,
            "gold": 121,
            "exp": 171
        },
        {
            "x": 1932,
            "y": 665,
            "hp": 109,
            "gold": 120,
            "exp": 175
        },
        {
            "x": 1881,
            "y": 648,
            "hp": 131,
            "gold": 124,
            "exp": 197
        },
        {
            "x": 1883,
            "y": 594,
            "hp": 149,
            "gold": 126,
            "exp": 191
        },
        {
            "x": 1935,
            "y": 581,
            "hp": 110,
            "gold": 125,
            "exp": 198
        },
        {
            "x": 1357,
            "y": 680,
            "hp": 125,
            "gold": 127,
            "exp": 137
        },
        {
            "x": 1331,
            "y": 720,
            "hp": 106,
            "gold": 126,
            "exp": 180
        },
        {
            "x": 1287,
            "y": 717,
            "hp": 107,
            "gold": 119,
            "exp": 111
        },
        {
            "x": 1268,
            "y": 679,
            "hp": 155,
            "gold": 121,
            "exp": 146
        },
        {
            "x": 1293,
            "y": 639,
            "hp": 113,
            "gold": 126,
            "exp": 174
        },
        {
            "x": 1336,
            "y": 641,
            "hp": 119,
            "gold": 121,
            "exp": 132
        },
        {
            "x": 477,
            "y": 374,
            "hp": 119,
            "gold": 130,
            "exp": 183
        },
        {
            "x": 432,
            "y": 415,
            "hp": 177,
            "gold": 122,
            "exp": 111
        },
        {
            "x": 388,
            "y": 368,
            "hp": 159,
            "gold": 129,
            "exp": 164
        },
        {
            "x": 435,
            "y": 326,
            "hp": 124,
            "gold": 130,
            "exp": 107
        },
        {
            "x": 1318,
            "y": 407,
            "hp": 106,
            "gold": 125,
            "exp": 133
        },
        {
            "x": 1270,
            "y": 448,
            "hp": 181,
            "gold": 129,
            "exp": 129
        },
        {
            "x": 1229,
            "y": 403,
            "hp": 181,
            "gold": 124,
            "exp": 168
        },
        {
            "x": 1277,
            "y": 359,
            "hp": 165,
            "gold": 122,
            "exp": 111
        },
        {
            "x": 524,
            "y": 579,
            "hp": 179,
            "gold": 131,
            "exp": 172
        },
        {
            "x": 476,
            "y": 621,
            "hp": 113,
            "gold": 121,
            "exp": 179
        },
        {
            "x": 435,
            "y": 572,
            "hp": 110,
            "gold": 122,
            "exp": 157
        },
        {
            "x": 480,
            "y": 532,
            "hp": 184,
            "gold": 128,
            "exp": 165
        },
        {
            "x": 492,
            "y": 323,
            "hp": 147,
            "gold": 126,
            "exp": 195
        },
        {
            "x": 469,
            "y": 359,
            "hp": 138,
            "gold": 121,
            "exp": 123
        },
        {
            "x": 422,
            "y": 356,
            "hp": 100,
            "gold": 121,
            "exp": 151
        },
        {
            "x": 403,
            "y": 318,
            "hp": 111,
            "gold": 124,
            "exp": 126
        },
        {
            "x": 426,
            "y": 280,
            "hp": 101,
            "gold": 124,
            "exp": 109
        },
        {
            "x": 471,
            "y": 281,
            "hp": 152,
            "gold": 125,
            "exp": 167
        },
        {
            "x": 366,
            "y": 531,
            "hp": 102,
            "gold": 121,
            "exp": 179
        },
        {
            "x": 341,
            "y": 570,
            "hp": 148,
            "gold": 122,
            "exp": 150
        },
        {
            "x": 296,
            "y": 567,
            "hp": 123,
            "gold": 125,
            "exp": 199
        },
        {
            "x": 277,
            "y": 526,
            "hp": 140,
            "gold": 125,
            "exp": 129
        },
        {
            "x": 301,
            "y": 489,
            "hp": 127,
            "gold": 119,
            "exp": 123
        },
        {
            "x": 346,
            "y": 492,
            "hp": 156,
            "gold": 121,
            "exp": 193
        },
        {
            "x": 427,
            "y": 26,
            "hp": 113,
            "gold": 122,
            "exp": 137
        },
        {
            "x": 393,
            "y": 68,
            "hp": 139,
            "gold": 126,
            "exp": 164
        },
        {
            "x": 344,
            "y": 48,
            "hp": 173,
            "gold": 121,
            "exp": 184
        },
        {
            "x": 347,
            "y": 0,
            "hp": 103,
            "gold": 127,
            "exp": 107
        },
        {
            "x": 398,
            "y": 0,
            "hp": 141,
            "gold": 121,
            "exp": 185
        },
        {
            "x": 2222,
            "y": 506,
            "hp": 118,
            "gold": 120,
            "exp": 122
        },
        {
            "x": 2198,
            "y": 545,
            "hp": 133,
            "gold": 122,
            "exp": 169
        },
        {
            "x": 2151,
            "y": 541,
            "hp": 124,
            "gold": 120,
            "exp": 125
        },
        {
            "x": 2132,
            "y": 500,
            "hp": 138,
            "gold": 123,
            "exp": 127
        },
        {
            "x": 2157,
            "y": 462,
            "hp": 127,
            "gold": 119,
            "exp": 158
        },
        {
            "x": 2203,
            "y": 465,
            "hp": 117,
            "gold": 123,
            "exp": 174
        }
    ]
}