{
    "hero": {
        "base_speed": 3200,
        "base_power": 150,
        "base_range": 17,
        "level_speed_coeff": 1,
        "level_power_coeff": 8,
        "level_range_coeff": 2
    },
    "start_x": 306,
    "start_y": 374,
    "width": 777,
    "height": 777,
    "num_turns": 182,
    "monsters": [
        {
            "x": 239,
            "y": 240,
            "hp": 137,
            "gold": 118,
            "exp": 161
        },
        {
            "x": 233,
            "y": 252,
            "hp": 135,
            "gold": 125,
            "exp": 198
        },
        {
            "x": 220,
            "y": 254,
            "hp": 109,
            "gold": 122,
            "exp": 176
        },
        {
            "x": 211,
            "y": 246,
            "hp": 156,
            "gold": 120,
            "exp": 178
        },
        {
            "x": 212,
            "y": 232,
            "hp": 109,
            "gold": 125,
            "exp": 110
        },
        {
            "x": 222,
            "y": 225,
            "hp": 151,
            "gold": 122,
            "exp": 135
        },
        {
            "x": 234,
            "y": 228,
            "hp": 122,
            "gold": 121,
            "exp": 167
        },
        {
            "x": 480,
            "y": 740,
            "hp": 156,
            "gold": 120,
            "exp": 168
        },
        {
            "x": 470,
            "y": 754,
            "hp": 125,
            "gold": 121,
            "exp": 172
        },
        {
            "x": 453,
            "y": 748,
            "hp": 143,
            "gold": 124,
            "exp": 122
        },
        {
            "x": 453,
            "y": 731,
            "hp": 124,
            "gold": 122,
            "exp": 126
        },
        {
            "x": 471,
            "y": 726,
            "hp": 153,
            "gold": 120,
            "exp": 161
        },
        {
            "x": 585,
            "y": 204,
            "hp": 117,
            "gold": 127,
            "exp": 128
        },
        {
            "x": 578,
            "y": 217,
            "hp": 110,
            "gold": 126,
            "exp": 142
        },
        {
            "x": 562,
            "y": 216,
            "hp": 109,
            "gold": 125,
            "exp": 128
        },
        {
            "x": 556,
            "y": 203,
            "hp": 149,
            "gold": 126,
            "exp": 111
        },
        {
            "x": 564,
            "y": 190,
            "hp": 137,
            "gold": 123,
            "exp": 172
        },
        {
            "x": 579,
            "y": 191,
            "hp": 133,
            "gold": 128,
            "exp": 192
        },
        {
            "x": 708,
            "y": 428,
            "hp": 186,
            "gold": 122,
            "exp": 196
        },
        {
            "x": 693,
            "y": 442,
            "hp": 190,
            "gold": 127,
            "exp": 127
        },
        {
            "x": 679,
            "y": 427,
            "hp": 191,
            "gold": 128,
            "exp": 187
        },
        {
            "x": 694,
            "y": 413,
            "hp": 126,
            "gold": 129,
            "exp": 199
        },
        {
            "x": 410,
            "y": 651,
            "hp": 115,
            "gold": 122,
            "exp": 196
        },
        {
            "x": 402,
            "y": 664,
            "hp": 166,
            "gold": 122,
            "exp": 154
        },
        {
            "x": 385,
            "y": 663,
            "hp": 130,
            "gold": 127,
            "exp": 172
        },
        {
            "x": 379,
            "y": 649,
            "hp": 144,
            "gold": 127,
            "exp": 109
        },
        {
            "x": 387,
            "y": 635,
            "hp": 141,
            "gold": 125,
            "exp": 143
        },
        {
            "x": 403,
            "y": 636,
            "hp": 132,
            "gold": 126,
            "exp": 164
        },
        {
            "x": 358,
            "y": 305,
            "hp": 115,
            "gold": 123,
            "exp": 158
        },
        {
            "x": 342,
            "y": 319,
            "hp": 114,
            "gold": 130,
            "exp": 198
        },
        {
            "x": 327,
            "y": 302,
            "hp": 199,
            "gold": 130,
            "exp": 197
        },
        {
            "x": 344,
            "y": 288,
            "hp": 103,
            "gold": 128,
            "exp": 133
        },
        {
            "x": 405,
            "y": 270,
            "hp": 179,
            "gold": 120,
            "exp": 188
        },
        {
            "x": 394,
            "y": 284,
            "hp": 102,
            "gold": 126,
            "exp": 150
        },
        {
            "x": 376,
            "y": 277,
            "hp": 120,
            "gold": 124,
            "exp": 199
        },
        {
            "x": 377,
            "y": 259,
            "hp": 135,
            "gold": 125,
            "exp": 186
        },
        {
            "x": 396,
            "y": 254,
            "hp": 119,
            "gold": 127,
            "exp": 132
        },
        {
            "x": 44,
            "y": 394,
            "hp": 113,
            "gold": 124,
            "exp": 172
        },
        {
            "x": 38,
            "y": 405,
            "hp": 147,
            "gold": 118,
            "exp": 165
        },
        {
            "x": 25,
            "y": 408,
            "hp": 154,
            "gold": 125,
            "exp": 100
        },
        {
            "x": 14,
            "y": 399,
            "hp": 113,
            "gold": 118,
            "exp": 104
        },
        {
            "x": 14,
            "y": 385,
            "hp": 156,
            "gold": 119,
            "exp": 100
        },
        {
            "x": 25,
            "y": 377,
            "hp": 111,
            "gold": 125,
            "exp": 147
        },
        {
            "x": 39,
            "y": 381,
            "hp": 146,
            "gold": 118,
            "exp": 126
        },
        {
            "x": 626,
            "y": 334,
            "hp": 100,
            "gold": 124,
            "exp": 181
        },
        {
            "x": 619,
            "y": 347,
            "hp": 108,
            "gold": 125,
            "exp": 160
        },
        {
            "x": 607,
            "y": 349,
            "hp": 120,
            "gold": 122,
            "exp": 135
        },
        {
            "x": 596,
            "y": 340,
            "hp": 124,
            "gold": 118,
            "exp": 113
        },
        {
            "x": 597,
            "y": 326,
            "hp": 123,
            "gold": 123,
            "exp": 119
        },
        {
            "x": 608,
            "y": 318,
            "hp": 135,
            "gold": 118,
            "exp": 127
        },
        {
            "x": 621,
            "y": 322,
            "hp": 148,
            "gold": 123,
            "exp": 157
        },
        {
            "x": 64,
            "y": 445,
            "hp": 128,
            "gold": 122,
            "exp": 183
        },
        {
            "x": 56,
            "y": 457,
            "hp": 151,
            "gold": 122,
            "exp": 139
        },
        {
            "x": 40,
            "y": 457,
            "hp": 102,
            "gold": 119,
            "exp": 141
        },
        {
            "x": 33,
            "y": 442,
            "hp": 116,
            "gold": 126,
            "exp": 109
        },
        {
            "x": 41,
            "y": 429,
            "hp": 110,
            "gold": 125,
            "exp": 194
        },
        {
            "x": 57,
            "y": 430,
            "hp": 157,
            "gold": 126,
            "exp": 187
        },
        {
            "x": 257,
            "y": 599,
            "hp": 132,
            "gold": 128,
            "exp": 188
        },
        {
            "x": 249,
            "y": 612,
            "hp": 111,
            "gold": 127,
            "exp": 194
        },
        {
            "x": 232,
            "y": 611,
            "hp": 156,
            "gold": 119,
            "exp": 179
        },
        {
            "x": 226,
            "y": 597,
            "hp": 106,
            "gold": 127,
            "exp": 198
        },
        {
            "x": 234,
            "y": 584,
            "hp": 139,
            "gold": 122,
            "exp": 120
        },
        {
            "x": 250,
            "y": 584,
            "hp": 137,
            "gold": 119,
            "exp": 102
        },
        {
            "x": 122,
            "y": 493,
            "hp": 148,
            "gold": 126,
            "exp": 177
        },
        {
            "x": 113,
            "y": 508,
            "hp": 162,
            "gold": 123,
            "exp": 195
        },
        {
            "x": 96,
            "y": 507,
            "hp": 161,
            "gold": 125,
            "exp": 135
        },
        {
            "x": 89,
            "y": 492,
            "hp": 112,
            "gold": 122,
            "exp": 115
        },
        {
            "x": 98,
            "y": 477,
            "hp": 123,
            "gold": 121,
            "exp": 114
        },
        {
            "x": 115,
            "y": 478,
            "hp": 153,
            "gold": 123,
            "exp": 173
        },
        {
            "x": 153,
            "y": 511,
            "hp": 139,
            "gold": 122,
            "exp": 150
        },
        {
            "x": 147,
            "y": 523,
            "hp": 146,
            "gold": 121,
            "exp": 150
        },
        {
            "x": 132,
            "y": 526,
            "hp": 124,
            "gold": 120,
            "exp": 148
        },
        {
            "x": 121,
            "y": 515,
            "hp": 122,
            "gold": 120,
            "exp": 190
        },
        {
            "x": 122,
            "y": 501,
            "hp": 123,
            "gold": 118,
            "exp": 188
        },
        {
            "x": 133,
            "y": 493,
            "hp": 154,
            "gold": 120,
            "exp": 111
        },
        {
            "x": 148,
            "y": 497,
            "hp": 137,
            "gold": 123,
            "exp": 182
        },
        {
            "x": 505,
            "y": 115,
            "hp": 136,
            "gold": 123,
            "exp": 101
        },
        {
            "x": 493,
            "y": 130,
            "hp": 135,
            "gold": 122,
            "exp": 154
        },
        {
            "x": 474,
            "y": 122,
            "hp": 153,
            "gold": 125,
            "exp": 117
        },
        {
            "x": 475,
            "y": 103,
            "hp": 170,
            "gold": 125,
            "exp": 172
        },
        {
            "x": 494,
            "y": 98,
            "hp": 174,
            "gold": 124,
            "exp": 191
        },
        {
            "x": 320,
            "y": 341,
            "hp": 166,
            "gold": 125,
            "exp": 138
        },
        {
            "x": 308,
            "y": 357,
            "hp": 105,
            "gold": 121,
            "exp": 132
        },
        {
            "x": 289,
            "y": 350,
            "hp": 140,
            "gold": 123,
            "exp": 122
        },
        {
            "x": 290,
            "y": 330,
            "hp": 113,
            "gold": 127,
            "exp": 169
        },
        {
            "x": 309,
            "y": 324,
            "hp": 179,
            "gold": 123,
            "exp": 119
        },
        {
            "x": 277,
            "y": 436,
            "hp": 132,
            "gold": 123,
            "exp": 152
        },
        {
            "x": 271,
            "y": 448,
            "hp": 152,
            "gold": 118,
            "exp": 196
        },
        {
            "x": 256,
            "y": 451,
            "hp": 155,
            "gold": 119,
            "exp": 124
        },
        {
            "x": 245,
            "y": 442,
            "hp": 148,
            "gold": 120,
            "exp": 144
        },
        {
            "x": 245,
            "y": 427,
            "hp": 126,
            "gold": 119,
            "exp": 137
        },
        {
            "x": 257,
            "y": 418,
            "hp": 147,
            "gold": 122,
            "exp": 150
        },
        {
            "x": 272,
            "y": 422,
            "hp": 139,
            "gold": 122,
            "exp": 100
        },
        {
            "x": 299,
            "y": 499,
            "hp": 172,
            "gold": 126,
            "exp": 179
        },
        {
            "x": 287,
            "y": 514,
            "hp": 107,
            "gold": 127,
            "exp": 184
        },
        {
            "x": 268,
            "y": 507,
            "hp": 100,
            "gold": 123,
            "exp": 167
        },
        {
            "x": 269,
            "y": 487,
            "hp": 161,
            "gold": 122,
            "exp": 104
        },
        {
            "x": 288,
            "y": 481,
            "hp": 138,
            "gold": 122,
            "exp": 102
        },
        {
            "x": 132,
            "y": 750,
            "hp": 143,
            "gold": 122,
            "exp": 143
        },
        {
            "x": 125,
            "y": 764,
            "hp": 121,
            "gold": 122,
            "exp": 161
        },
        {
            "x": 110,
            "y": 766,
            "hp": 137,
            "gold": 126,
            "exp": 165
        },
        {
            "x": 100,
            "y": 756,
            "hp": 146,
            "gold": 119,
            "exp": 151
        },
        {
            "x": 101,
            "y": 741,
            "hp": 114,
            "gold": 120,
            "exp": 140
        },
        {
            "x": 112,
            "y": 733,
            "hp": 139,
            "gold": 126,
            "exp": 172
        },
        {
            "x": 127,
            "y": 737,
            "hp": 115,
            "gold": 125,
            "exp": 168
        },
        {
            "x": 618,
            "y": 548,
            "hp": 180,
            "gold": 131,
            "exp": 163
        },
        {
            "x": 601,
            "y": 564,
            "hp": 189,
            "gold": 128,
            "exp": 183
        },
        {
            "x": 585,
            "y": 546,
            "hp": 132,
            "gold": 127,
            "exp": 127
        },
        {
            "x": 602,
            "y": 531,
            "hp": 180,
            "gold": 121,
            "exp": 111
        },
        {
            "x": 91,
            "y": 683,
            "hp": 158,
            "gold": 128,
            "exp": 170
        },
        {
            "x": 74,
            "y": 699,
            "hp": 185,
            "gold": 123,
            "exp": 177
        },
        {
            "x": 58,
            "y": 682,
            "hp": 158,
            "gold": 123,
            "exp": 107
        },
        {
            "x": 76,
            "y": 666,
            "hp": 133,
            "gold": 124,
            "exp": 162
        },
        {
            "x": 528,
            "y": 248,
            "hp": 167,
            "gold": 131,
            "exp": 182
        },
        {
            "x": 511,
            "y": 264,
            "hp": 133,
            "gold": 124,
            "exp": 102
        },
        {
            "x": 495,
            "y": 246,
            "hp": 153,
            "gold": 127,
            "exp": 140
        },
        {
            "x": 513,
            "y": 231,
            "hp": 105,
            "gold": 122,
            "exp": 139
        },
        {
            "x": 333,
            "y": 309,
            "hp": 108,
            "gold": 122,
            "exp": 184
        },
        {
            "x": 321,
            "y": 325,
            "hp": 120,
            "gold": 127,
            "exp": 152
        },
        {
            "x": 302,
            "y": 318,
            "hp": 129,
            "gold": 128,
            "exp": 152
        },
        {
            "x": 303,
            "y": 298,
            "hp": 107,
            "gold": 120,
            "exp": 159
        },
        {
            "x": 322,
            "y": 293,
            "hp": 140,
            "gold": 123,
            "exp": 112
        },
        {
            "x": 65,
            "y": 38,
            "hp": 141,
            "gold": 118,
            "exp": 170
        },
        {
            "x": 59,
            "y": 51,
            "hp": 139,
            "gold": 123,
            "exp": 180
        },
        {
            "x": 44,
            "y": 54,
            "hp": 145,
            "gold": 121,
            "exp": 172
        },
        {
            "x": 33,
            "y": 43,
            "hp": 107,
            "gold": 119,
            "exp": 148
        },
        {
            "x": 33,
            "y": 30,
            "hp": 108,
            "gold": 125,
            "exp": 170
        },
        {
            "x": 46,
            "y": 21,
            "hp": 141,
            "gold": 119,
            "exp": 143
        },
        {
            "x": 60,
            "y": 25,
            "hp": 153,
            "gold": 122,
            "exp": 135
        },
        {
            "x": 713,
            "y": 704,
            "hp": 117,
            "gold": 130,
            "exp": 154
        },
        {
            "x": 695,
            "y": 720,
            "hp": 105,
            "gold": 123,
            "exp": 131
        },
        {
            "x": 680,
            "y": 703,
            "hp": 128,
            "gold": 131,
            "exp": 140
        },
        {
            "x": 697,
            "y": 687,
            "hp": 135,
            "gold": 129,
            "exp": 162
        },
        {
            "x": 545,
            "y": 147,
            "hp": 168,
            "gold": 129,
            "exp": 162
        },
        {
            "x": 528,
            "y": 162,
            "hp": 190,
            "gold": 123,
            "exp": 119
        },
        {
            "x": 512,
            "y": 144,
            "hp": 140,
            "gold": 130,
            "exp": 127
        },
        {
            "x": 530,
            "y": 129,
            "hp": 148,
            "gold": 130,
            "exp": 138
        },
        {
            "x": 740,
            "y": 187,
            "hp": 162,
            "gold": 123,
            "exp": 106
        },
        {
            "x": 723,
            "y": 203,
            "hp": 108,
            "gold": 129,
            "exp": 184
        },
        {
            "x": 707,
            "y": 185,
            "hp": 172,
            "gold": 124,
            "exp": 169
        },
        {
            "x": 724,
            "y": 170,
            "hp": 113,
            "gold": 126,
            "exp": 129
        },
        {
            "x": 261,
            "y": 719,
            "hp": 101,
            "gold": 127,
            "exp": 173
        },
        {
            "x": 252,
            "y": 734,
            "hp": 119,
            "gold": 122,
            "exp": 178
        },
        {
            "x": 233,
            "y": 733,
            "hp": 119,
            "gold": 122,
            "exp": 130
        },
        {
            "x": 226,
            "y": 717,
            "hp": 141,
            "gold": 122,
            "exp": 187
        },
        {
            "x": 236,
            "y": 702,
            "hp": 144,
            "gold": 125,
            "exp": 168
        },
        {
            "x": 254,
            "y": 704,
            "hp": 134,
            "gold": 119,
            "exp": 176
        },
        {
            "x": 631,
            "y": 147,
            "hp": 145,
            "gold": 124,
            "exp": 182
        },
        {
            "x": 624,
            "y": 160,
            "hp": 131,
            "gold": 118,
            "exp": 147
        },
        {
            "x": 608,
            "y": 163,
            "hp": 126,
            "gold": 122,
            "exp": 169
        },
        {
            "x": 597,
            "y": 152,
            "hp": 105,
            "gold": 118,
            "exp": 101
        },
        {
            "x": 598,
            "y": 137,
            "hp": 129,
            "gold": 120,
            "exp": 120
        },
        {
            "x": 611,
            "y": 128,
            "hp": 102,
            "gold": 118,
            "exp": 141
        },
        {
            "x": 626,
            "y": 132,
            "hp": 101,
            "gold": 124,
            "exp": 171
        },
        {
            "x": 220,
            "y": 758,
            "hp": 168,
            "gold": 127,
            "exp": 196
        },
        {
            "x": 201,
            "y": 774,
            "hp": 114,
            "gold": 123,
            "exp": 162
        },
        {
            "x": 185,
            "y": 755,
            "hp": 104,
            "gold": 127,
            "exp": 162
        },
        {
            "x": 203,
            "y": 739,
            "hp": 151,
            "gold": 128,
            "exp": 169
        },
        {
            "x": 548,
            "y": 356,
            "hp": 110,
            "gold": 125,
            "exp": 147
        },
        {
            "x": 541,
            "y": 369,
            "hp": 138,
            "gold": 125,
            "exp": 175
        },
        {
            "x": 525,
            "y": 372,
            "hp": 145,
            "gold": 125,
            "exp": 122
        },
        {
            "x": 514,
            "y": 361,
            "hp": 102,
            "gold": 120,
            "exp": 135
        },
        {
            "x": 515,
            "y": 345,
            "hp": 120,
            "gold": 120,
            "exp": 195
        },
        {
            "x": 527,
            "y": 337,
            "hp": 102,
            "gold": 118,
            "exp": 161
        },
        {
            "x": 543,
            "y": 341,
            "hp": 136,
            "gold": 121,
            "exp": 120
        },
        {
            "x": 761,
            "y": 208,
            "hp": 174,
            "gold": 126,
            "exp": 149
        },
        {
            "x": 742,
            "y": 225,
            "hp": 178,
            "gold": 124,
            "exp": 109
        },
        {
            "x": 726,
            "y": 207,
            "hp": 185,
            "gold": 121,
            "exp": 137
        },
        {
            "x": 745,
            "y": 190,
            "hp": 122,
            "gold": 131,
            "exp": 147
        },
        {
            "x": 627,
            "y": 290,
            "hp": 133,
            "gold": 121,
            "exp": 173
        },
        {
            "x": 621,
            "y": 304,
            "hp": 139,
            "gold": 118,
            "exp": 129
        },
        {
            "x": 605,
            "y": 307,
            "hp": 102,
            "gold": 118,
            "exp": 142
        },
        {
            "x": 593,
            "y": 297,
            "hp": 151,
            "gold": 119,
            "exp": 135
        },
        {
            "x": 593,
            "y": 282,
            "hp": 105,
            "gold": 118,
            "exp": 135
        },
        {
            "x": 606,
            "y": 272,
            "hp": 100,
            "gold": 124,
            "exp": 166
        },
        {
            "x": 622,
            "y": 276,
            "hp": 153,
            "gold": 119,
            "exp": 102
        },
        {
            "x": 185,
            "y": 556,
            "hp": 139,
            "gold": 127,
            "exp": 147
        },
        {
            "x": 176,
            "y": 571,
            "hp": 123,
            "gold": 119,
            "exp": 199
        },
        {
            "x": 157,
            "y": 569,
            "hp": 145,
            "gold": 127,
            "exp": 190
        },
        {
            "x": 150,
            "y": 554,
            "hp": 129,
            "gold": 122,
            "exp": 153
        },
        {
            "x": 159,
            "y": 538,
            "hp": 128,
            "gold": 124,
            "exp": 173
        },
        {
            "x": 178,
            "y": 540,
            "hp": 161,
            "gold": 122,
            "exp": 179
        },
        {
            "x": 97,
            "y": 295,
            "hp": 125,
            "gold": 124,
            "exp": 137
        },
        {
            "x": 90,
            "y": 309,
            "hp": 145,
            "gold": 126,
            "exp": 101
        },
        {
            "x": 74,
            "y": 312,
            "hp": 108,
            "gold": 122,
            "exp": 122
        },
        {
            "x": 63,
            "y": 302,
            "hp": 106,
            "gold": 125,
            "exp": 158
        },
        {
            "x": 64,
            "y": 285,
            "hp": 141,
            "gold": 118,
            "exp": 173
        },
        {
            "x": 77,
            "y": 277,
            "hp": 155,
            "gold": 125,
            "exp": 115
        },
        {
            "x": 92,
            "y": 282,
            "hp": 100,
            "gold": 124,
            "exp": 142
        },
        {
            "x": 311,
            "y": 321,
            "hp": 152,
            "gold": 126,
            "exp": 195
        },
        {
            "x": 299,
            "y": 338,
            "hp": 153,
            "gold": 122,
            "exp": 127
        },
        {
            "x": 279,
            "y": 331,
            "hp": 159,
            "gold": 128,
            "exp": 192
        },
        {
            "x": 280,
            "y": 309,
            "hp": 126,
            "gold": 128,
            "exp": 132
        },
        {
            "x": 300,
            "y": 304,
            "hp": 143,
            "gold": 122,
            "exp": 107
        },
        {
            "x": 520,
            "y": 86,
            "hp": 130,
            "gold": 124,
            "exp": 109
        },
        {
            "x": 513,
            "y": 99,
            "hp": 100,
            "gold": 123,
            "exp": 154
        },
        {
            "x": 498,
            "y": 102,
            "hp": 155,
            "gold": 119,
            "exp": 166
        },
        {
            "x": 486,
            "y": 92,
            "hp": 102,
            "gold": 124,
            "exp": 173
        },
        {
            "x": 486,
            "y": 77,
            "hp": 116,
            "gold": 123,
            "exp": 114
        },
        {
            "x": 500,
            "y": 67,
            "hp": 133,
            "gold": 119,
            "exp": 170
        },
        {
            "x": 515,
            "y": 71,
            "hp": 126,
            "gold": 126,
            "exp": 154
        },
        {
            "x": 631,
            "y": 19,
            "hp": 112,
            "gold": 120,
            "exp": 161
        },
        {
            "x": 622,
            "y": 34,
            "hp": 120,
            "gold": 124,
            "exp": 125
        },
        {
            "x": 604,
            "y": 34,
            "hp": 129,
            "gold": 125,
            "exp": 182
        },
        {
            "x": 596,
            "y": 17,
            "hp": 142,
            "gold": 125,
            "exp": 138
        },
        {
            "x": 606,
            "y": 2,
            "hp": 128,
            "gold": 127,
            "exp": 149
        },
        {
            "x": 624,
            "y": 4,
            "hp": 115,
            "gold": 123,
            "exp": 103
        },
        {
            "x": 666,
            "y": 329,
            "hp": 122,
            "gold": 126,
            "exp": 145
        },
        {
            "x": 659,
            "y": 343,
            "hp": 123,
            "gold": 124,
            "exp": 191
        },
        {
            "x": 644,
            "y": 346,
            "hp": 152,
            "gold": 118,
            "exp": 129
        },
        {
            "x": 632,
            "y": 335,
            "hp": 138,
            "gold": 126,
            "exp": 189
        },
        {
            "x": 633,
            "y": 320,
            "hp": 110,
            "gold": 123,
            "exp": 186
        },
        {
            "x": 645,
            "y": 311,
            "hp": 154,
            "gold": 122,
            "exp": 146
        },
        {
            "x": 660,
            "y": 315,
            "hp": 148,
            "gold": 126,
            "exp": 144
        },
        {
            "x": 206,
            "y": 37,
            "hp": 128,
            "gold": 119,
            "exp": 137
        },
        {
            "x": 197,
            "y": 51,
            "hp": 123,
            "gold": 128,
            "exp": 136
        },
        {
            "x": 179,
            "y": 51,
            "hp": 102,
            "gold": 122,
            "exp": 171
        },
        {
            "x": 171,
            "y": 35,
            "hp": 164,
            "gold": 118,
            "exp": 152
        },
        {
            "x": 180,
            "y": 20,
            "hp": 149,
            "gold": 123,
            "exp": 109
        },
        {
            "x": 198,
            "y": 20,
            "hp": 148,
            "gold": 125,
            "exp": 183
        },
        {
            "x": 171,
            "y": 328,
            "hp": 107,
            "gold": 132,
            "exp": 140
        },
        {
            "x": 152,
            "y": 344,
            "hp": 169,
            "gold": 124,
            "exp": 141
        },
        {
            "x": 136,
            "y": 325,
            "hp": 121,
            "gold": 129,
            "exp": 128
        },
        {
            "x": 155,
            "y": 309,
            "hp": 140,
            "gold": 131,
            "exp": 126
        },
        {
            "x": 761,
            "y": 249,
            "hp": 170,
            "gold": 125,
            "exp": 101
        },
        {
            "x": 749,
            "y": 266,
            "hp": 138,
            "gold": 129,
            "exp": 166
        },
        {
            "x": 728,
            "y": 258,
            "hp": 138,
            "gold": 120,
            "exp": 158
        },
        {
            "x": 730,
            "y": 237,
            "hp": 149,
            "gold": 124,
            "exp": 193
        },
        {
            "x": 751,
            "y": 232,
            "hp": 115,
            "gold": 126,
            "exp": 134
        },
        {
            "x": 451,
            "y": 603,
            "hp": 115,
            "gold": 126,
            "exp": 182
        },
        {
            "x": 441,
            "y": 619,
            "hp": 158,
            "gold": 120,
            "exp": 149
        },
        {
            "x": 424,
            "y": 618,
            "hp": 160,
            "gold": 121,
            "exp": 172
        },
        {
            "x": 416,
            "y": 601,
            "hp": 104,
            "gold": 125,
            "exp": 180
        },
        {
            "x": 425,
            "y": 587,
            "hp": 107,
            "gold": 122,
            "exp": 128
        },
        {
            "x": 444,
            "y": 588,
            "hp": 112,
            "gold": 125,
            "exp": 104
        }
    ]
}